team,puntReturnTDs,netPassingYards,interceptionTDs,rushingTDs,sacks,fourthDownConversions,passAttempts,firstDowns,kickReturnTDs,tacklesForLoss,turnovers,kickReturnYards,games,fourthDowns,thirdDownConversions,passCompletions,passesIntercepted,rushingYards,interceptions,kickReturns,rushingAttempts,possessionTime,puntReturns,puntReturnYards,totalYards,thirdDowns,penalties,penaltyYards,fumblesLost,interceptionYards,fumblesRecovered,passingTDs,offense_score,defense_score,st_score,team_score
Air Force,0.0,0.24718843240761992,0.0,0.5581395348837209,0.33962264150943394,0.9583333333333334,0.24468085106382978,0.6554878048780488,0.0,0.4482758620689655,0.5172413793103449,0.07381193124368049,0.9230769230769231,0.8571428571428571,0.8041237113402062,0.16802168021680217,0.2,0.7841768470040721,0.47619047619047616,0.1111111111111111,1.0,1.0,0.23529411764705882,0.09836065573770492,0.5838749613122872,0.9064039408866995,0.32142857142857145,0.3425076452599388,0.35714285714285715,0.1762114537444934,0.5714285714285714,0.13157894736842105,2.41822385050424,1.1641099573228928,0.4321481797829627,4.014481987610096
Akron,1.0,0.6403488638971769,0.0,0.2558139534883721,0.33962264150943394,0.20833333333333334,0.7446808510638298,0.6554878048780488,0.0,0.5172413793103449,0.6896551724137931,0.3993933265925177,0.9230769230769231,0.38095238095238093,0.5979381443298969,0.6341463414634146,0.15,0.3507853403141361,0.47619047619047616,0.5555555555555556,0.5119760479041916,0.840495563642311,0.23529411764705882,0.06323185011709602,0.6183844011142061,0.7980295566502463,0.6785714285714286,0.5953109072375128,0.7142857142857143,0.05947136563876652,0.5,0.42105263157894735,2.1613149927488515,1.0663353864585452,1.87789570826019,5.105546087467586
Alabama,0.0,0.6612347945834289,0.0,0.9534883720930233,0.4339622641509434,0.3333333333333333,0.5691489361702128,0.7804878048780488,0.0,0.5431034482758621,0.6206896551724138,0.2699696663296259,0.9230769230769231,0.30952380952380953,0.7628865979381443,0.5691056910569106,0.8,0.6381617219313555,0.47619047619047616,0.28888888888888886,0.6856287425149701,0.8819560861920922,0.6764705882352942,0.43559718969555034,0.7853605694831322,0.7438423645320197,0.8214285714285714,0.8786952089704383,0.5714285714285714,0.5286343612334802,0.7857142857142857,0.42105263157894735,2.259618992510954,2.3057000736602857,1.3924386109577993,5.957757677129039
App State,0.5,0.6890061969244893,0.0,0.3023255813953488,0.4339622641509434,0.5416666666666666,0.6950354609929078,0.801829268292683,0.0,0.4051724137931034,0.7586206896551724,0.5055611729019212,0.9230769230769231,0.5238095238095238,0.6391752577319587,0.5907859078590786,0.2,0.5034904013961605,0.7619047619047619,0.5555555555555556,0.5748502994011976,0.8125281105613935,0.17647058823529413,0.23185011709601874,0.7324357783967812,0.7142857142857143,0.5892857142857143,0.6391437308868502,0.42857142857142855,0.046255506607929514,0.6428571428571429,0.6052631578947368,2.3694801688846603,1.0853901845519764,1.641197861490658,5.0960682149272944
Arizona,0.0,0.6828092724351618,0.0,0.2558139534883721,0.37735849056603776,0.3333333333333333,0.774822695035461,0.676829268292683,0.0,0.49137931034482757,0.6896551724137931,0.7199191102123357,0.9230769230769231,0.4523809523809524,0.7525773195876289,0.7100271002710027,0.3,0.37230948225712623,0.6190476190476191,0.7111111111111111,0.49251497005988026,0.8758637608864538,0.5,0.2224824355971897,0.6584648715567936,0.8374384236453202,0.6964285714285714,0.7043832823649337,0.5,0.037444933920704845,0.5714285714285714,0.47368421052631576,2.027027732688313,1.2061827348315701,1.794593880767197,5.02780434828708
Arizona State,0.5,0.619233417489098,0.4,0.5813953488372093,0.33962264150943394,0.5833333333333334,0.5602836879432624,0.8201219512195121,0.0,0.4482758620689655,0.27586206896551724,0.16582406471183014,1.0,0.6428571428571429,0.7731958762886598,0.5311653116531165,0.7,0.6902268760907504,0.23809523809523808,0.2222222222222222,0.7395209580838323,0.9527333687696774,0.23529411764705882,0.33021077283372363,0.7847415660786135,0.7881773399014779,0.6875,0.6493374108053007,0.21428571428571427,0.3237885462555066,0.21428571428571427,0.5789473684210527,2.870269691497168,2.2116870498339063,1.2112926478456956,6.29324938917677
Arkansas,0.0,0.7411062657792059,0.0,0.7441860465116279,0.4716981132075472,0.5416666666666666,0.6968085106382979,0.8963414634146342,0.0,0.49137931034482757,0.7586206896551724,0.21334681496461072,0.9230769230769231,0.5238095238095238,0.6701030927835051,0.6612466124661247,0.4,0.6349621873182083,0.42857142857142855,0.3111111111111111,0.6691616766467066,0.8971664554115386,0.29411764705882354,0.1592505854800937,0.8375116063138347,0.7487684729064039,0.7410714285714286,0.746177370030581,0.9285714285714286,0.13656387665198239,0.35714285714285715,0.3684210526315789,2.3987165230222494,1.499641300204357,0.814855132178866,4.7132129554054725
Arkansas State,0.5,0.6254303419784255,0.0,0.37209302325581395,0.33962264150943394,0.625,0.7287234042553191,0.8048780487804879,0.0,0.5,0.5862068965517241,0.5935288169868554,0.9230769230769231,0.47619047619047616,0.7731958762886598,0.6910569105691057,0.7,0.5590459569517161,0.42857142857142855,0.6444444444444445,0.6766467065868264,0.8592631966308214,0.4117647058823529,0.5081967213114754,0.7191272051996286,0.916256157635468,0.5892857142857143,0.6340468909276249,0.5714285714285714,0.2356828193832599,0.2857142857142857,0.4473684210526316,2.6220251456271875,1.7753054608926937,2.2149455738542736,6.612276180374155
Army,0.0,0.2251549231122332,0.0,0.9069767441860465,0.33962264150943394,0.875,0.16843971631205673,0.7134146341463414,0.0,0.41379310344827586,0.1724137931034483,0.09403437815975733,1.0,0.6666666666666666,0.7010309278350515,0.14905149051490515,0.8,1.0,0.047619047619047616,0.2,0.9041916167664671,0.9671668642924316,0.29411764705882354,0.08899297423887588,0.6838440111420613,0.6650246305418719,0.38392857142857145,0.43017329255861364,0.2857142857142857,0.3392070484581498,0.07142857142857142,0.23684210526315788,2.5559007256605133,1.8926227934158595,0.5642874995478806,5.012811018624253
Auburn,0.5,0.7268762910259353,0.0,0.3023255813953488,0.5283018867924528,0.375,0.6542553191489362,0.7652439024390244,0.0,0.5862068965517241,0.7586206896551724,0.5146612740141557,0.9230769230769231,0.4523809523809524,0.6288659793814433,0.6233062330623306,0.4,0.5782431646305992,0.6190476190476191,0.5111111111111111,0.6002994011976048,0.8016518788077033,0.6176470588235294,0.3981264637002342,0.7977406375735067,0.7241379310344828,0.6160714285714286,0.6034658511722731,0.6428571428571429,0.1277533039647577,0.35714285714285715,0.7105263157894737,2.3659880641177153,1.6422620873089344,2.1179549230408585,6.126205074467508
Ball State,0.0,0.6738581592839109,0.2,0.23255813953488372,0.37735849056603776,0.5,0.7783687943262412,0.7408536585365854,0.3333333333333333,0.47413793103448276,0.4827586206896552,0.8028311425682507,0.9230769230769231,0.6190476190476191,0.7731958762886598,0.7588075880758808,0.4,0.3609656777196044,0.5238095238095238,0.7777777777777778,0.5538922155688623,0.9118043913807907,0.29411764705882354,0.04215456674473068,0.6463943051686785,0.8719211822660099,0.5267857142857143,0.5545361875637105,0.21428571428571427,0.2533039647577093,0.5,0.6842105263157895,2.4660197557776815,1.7048003863582297,1.87517872290243,6.0459988650383405
Baylor,0.0,0.677530410833142,0.2,0.5348837209302325,0.4339622641509434,0.7916666666666666,0.6418439716312057,0.8170731707317073,0.3333333333333333,0.5689655172413793,0.4482758620689655,0.5217391304347826,0.9230769230769231,0.7380952380952381,0.7525773195876289,0.6043360433604336,0.65,0.6591041303083188,0.42857142857142855,0.5555555555555556,0.6826347305389222,0.8233225661364845,0.4411764705882353,0.7259953161592506,0.8074899411946765,0.812807881773399,0.6785714285714286,0.7696228338430173,0.2857142857142857,0.28193832599118945,0.5714285714285714,0.7631578947368421,2.7932778038134654,2.134866107383512,2.148166505059298,7.076310416256276
Boise State,0.0,0.619003901767271,0.4,0.9302325581395349,0.8490566037735849,0.5833333333333334,0.625886524822695,0.8658536585365854,0.3333333333333333,0.8017241379310345,0.27586206896551724,0.44691607684529827,1.0,0.47619047619047616,0.7938144329896907,0.5962059620596206,0.3,0.887434554973822,0.19047619047619047,0.4222222222222222,0.7065868263473054,0.9316351146910905,0.6176470588235294,0.19672131147540983,0.8895078922934077,0.7635467980295566,0.5535714285714286,0.5575942915392457,0.2857142857142857,0.31497797356828194,0.5714285714285714,0.5526315789473685,2.94529509638619,2.6657587152729008,1.6807000022498275,7.291753813908918
Boston College,0.0,0.5255910029837044,0.6,0.5116279069767442,0.49056603773584906,0.6666666666666666,0.5124113475177305,0.7073170731707317,0.0,0.5258620689655172,0.5172413793103449,0.24772497472194135,0.9230769230769231,0.7619047619047619,0.7422680412371134,0.4905149051490515,0.8,0.6207097149505526,0.3333333333333333,0.35555555555555557,0.7440119760479041,0.9383816494255224,0.6470588235294118,0.3185011709601874,0.6846177653977097,0.8226600985221675,0.48214285714285715,0.5300713557594292,0.5714285714285714,0.6828193832599119,0.5,0.631578947368421,2.520970860566971,3.0992474899612787,1.30736710397258,6.9275854545008295
Bowling Green,0.0,0.6185448703236172,0.2,0.46511627906976744,0.5471698113207547,0.5416666666666666,0.6542553191489362,0.7195121951219512,0.3333333333333333,0.5517241379310345,0.3448275862068966,0.5591506572295247,0.9230769230769231,0.5238095238095238,0.6185567010309279,0.6585365853658537,0.55,0.5049447353112274,0.2857142857142857,0.5777777777777777,0.5958083832335329,0.9360510283354458,0.6176470588235294,0.24355971896955503,0.6857010213556175,0.7931034482758621,0.5535714285714286,0.5443425076452599,0.2857142857142857,0.31277533039647576,0.14285714285714285,0.42105263157894735,2.3830975384768647,2.1616692796482653,1.9428904551114334,6.487657273236563
Buffalo,0.0,0.5244434243745697,0.4,0.5348837209302325,0.5283018867924528,0.5,0.5815602836879432,0.6798780487804879,0.0,0.7068965517241379,0.4482758620689655,0.416582406471183,0.9230769230769231,0.5476190476190477,0.5876288659793815,0.5013550135501355,0.6,0.5796974985456661,0.2857142857142857,0.5777777777777777,0.7035928143712575,0.8403320112851127,0.4411764705882353,0.4238875878220141,0.6620241411327762,0.8275862068965517,0.4642857142857143,0.5208970438328236,0.5,0.6960352422907489,0.5,0.5,2.3169757994868028,2.9312336808073396,1.5495202022160084,6.797729682510151
BYU,0.5,0.6437915997245811,0.2,0.4186046511627907,0.3018867924528302,0.75,0.6294326241134752,0.8109756097560976,1.0,0.5,0.6206896551724138,0.5369059656218402,0.9230769230769231,0.5714285714285714,0.5051546391752577,0.5501355013550135,1.0,0.5584642233856894,0.5238095238095238,0.4444444444444444,0.6152694610778443,0.9103324201660057,0.4117647058823529,0.3044496487119438,0.7311977715877437,0.6847290640394089,0.5089285714285714,0.49031600407747195,0.5,0.2488986784140969,0.5,0.5263157894736842,2.5053582156310323,2.2507854708669273,2.6646373038838176,7.420780990381777
California,0.0,0.7335322469589167,0.2,0.37209302325581395,0.6037735849056604,0.4583333333333333,0.7535460992907801,0.7560975609756098,0.3333333333333333,0.603448275862069,0.3448275862068966,0.33367037411526795,0.9230769230769231,0.5714285714285714,0.6804123711340206,0.7669376693766937,0.85,0.40924956369982546,0.3333333333333333,0.35555555555555557,0.5913173652694611,0.8875986425154353,0.5,0.1756440281030445,0.7123181677499226,0.8620689655172413,0.8125,0.745158002038736,0.21428571428571427,0.2444933920704846,0.35714285714285715,0.42105263157894735,2.3986889191017555,2.5017152528382143,1.415169409256001,6.315573581195971
Central Michigan,0.5,0.45008033050263946,0.2,0.3953488372093023,0.5849056603773585,0.625,0.5354609929078015,0.6554878048780488,0.3333333333333333,0.7931034482758621,0.8275862068965517,0.6784630940343782,0.9230769230769231,0.6190476190476191,0.5876288659793815,0.45257452574525747,0.1,0.589586969168121,0.5714285714285714,0.8222222222222222,0.6691616766467066,0.866541276526148,0.5294117647058824,0.5175644028103045,0.6171463943051687,0.7980295566502463,0.7232142857142857,0.745158002038736,0.8571428571428571,0.11674008810572688,0.21428571428571427,0.2894736842105263,2.0351037500882354,1.7947491967589473,2.8174956809217666,6.647348627768949
Charlotte,0.0,0.6171677759926555,0.2,0.37209302325581395,0.2641509433962264,0.4166666666666667,0.625886524822695,0.6310975609756098,0.0,0.5086206896551724,0.7241379310344828,0.8432760364004045,0.9230769230769231,0.5714285714285714,0.4845360824742268,0.4796747967479675,0.5,0.4141942990110529,0.6666666666666666,0.8666666666666667,0.5793413173652695,0.8427852966430879,0.38235294117647056,0.11241217798594848,0.6364902506963789,0.7635467980295566,0.8303571428571429,0.799184505606524,0.5,0.20704845814977973,0.14285714285714285,0.42105263157894735,1.8006365718546835,1.6798200912011785,1.837256518524575,5.317713181580437
Cincinnati,0.0,0.6513656185448703,0.0,0.4418604651162791,0.3584905660377358,0.4583333333333333,0.700354609929078,0.8079268292682927,0.0,0.5603448275862069,0.6206896551724138,0.3943377148634985,0.9230769230769231,0.47619047619047616,0.6701030927835051,0.6829268292682927,0.25,0.6457242582897034,0.3333333333333333,0.4222222222222222,0.6347305389221557,0.9335977429774707,0.2647058823529412,0.09836065573770492,0.7827298050139275,0.7635467980295566,0.5714285714285714,0.5433231396534148,0.7857142857142857,0.0022026431718061676,0.6428571428571429,0.47368421052631576,2.353915369088091,1.1710380367957487,0.9830220626469726,4.507975468530812
Clemson,0.0,0.757631397750746,0.4,0.5348837209302325,0.5849056603773585,0.4583333333333333,0.7890070921985816,0.9054878048780488,0.0,0.6982758620689655,0.3103448275862069,0.2275025278058645,1.0,0.42857142857142855,0.7938144329896907,0.7615176151761518,0.7,0.6672484002326934,0.2857142857142857,0.26666666666666666,0.6197604790419161,0.902768123645582,0.5,0.32786885245901637,0.8658310120705663,0.8325123152709359,0.5714285714285714,0.6136595310907238,0.21428571428571427,0.28854625550660795,0.6428571428571429,0.7894736842105263,2.8880822413556317,2.671727777952932,1.1016983724429563,6.6615083917515205
Coastal Carolina,0.0,0.5630020656414965,0.4,0.4883720930232558,0.5094339622641509,0.3333333333333333,0.5851063829787234,0.6707317073170732,0.0,0.4827586206896552,0.5517241379310345,0.38422649140546006,0.9230769230769231,0.42857142857142855,0.6185567010309279,0.4823848238482385,0.5,0.62478184991274,0.47619047619047616,0.4666666666666667,0.6586826347305389,0.8366520832481498,0.2647058823529412,0.3044496487119438,0.7120086660476632,0.7635467980295566,0.7142857142857143,0.7471967380224261,0.42857142857142855,0.36784140969163,0.7857142857142857,0.47368421052631576,2.0602501206395316,2.260033992645436,1.1833739076141765,5.503658020899144
Colorado,0.5,0.9010787238925867,0.2,0.3488372093023256,0.6981132075471698,0.3333333333333333,0.8120567375886525,0.7804878048780488,0.0,0.75,0.41379310344827586,0.31749241658240646,0.9230769230769231,0.47619047619047616,0.6391752577319587,0.9132791327913279,0.6,0.24956369982547993,0.38095238095238093,0.35555555555555557,0.47005988023952094,0.8308050864783089,0.5,0.4613583138173302,0.740328071804395,0.7389162561576355,0.8214285714285714,0.8328236493374108,0.2857142857142857,0.4779735682819383,0.7857142857142857,0.9210526315789473,2.6046144644362035,2.726086775829108,1.7786719049627433,7.109373145228054
Colorado State,1.0,0.5721826945145743,0.0,0.4418604651162791,0.2641509433962264,0.6666666666666666,0.6081560283687943,0.6524390243902439,0.0,0.46551724137931033,0.5517241379310345,0.34074823053589487,0.9230769230769231,0.5952380952380952,0.5876288659793815,0.5718157181571816,0.5,0.6116928446771379,0.38095238095238093,0.4,0.6497005988023952,0.9167109620967412,0.47058823529411764,0.6088992974238876,0.7112349117920148,0.8029556650246306,0.6785714285714286,0.6269113149847095,0.5714285714285714,0.039647577092511016,0.6428571428571429,0.39473684210526316,2.6046211549523246,1.269315761868048,2.3501964693782504,6.224133386198623
Duke,0.0,0.6745467064493917,0.2,0.3023255813953488,0.7735849056603774,0.20833333333333334,0.74822695035461,0.6463414634146342,0.0,0.9482758620689655,0.6206896551724138,0.42163801820020225,0.9230769230769231,0.30952380952380953,0.4742268041237113,0.6910569105691057,0.6,0.33740546829552065,0.5714285714285714,0.4444444444444444,0.5344311377245509,0.8000163552357198,0.7647058823529411,0.5878220140515222,0.6343237387805633,0.7832512315270936,0.5892857142857143,0.6483180428134556,0.42857142857142855,0.33480176211453744,1.0,0.6842105263157895,1.938414053905491,2.8566625298438804,1.8488419658742583,6.6439185496236295
East Carolina,0.0,0.7539591462015148,0.6,0.46511627906976744,0.32075471698113206,0.375,0.7074468085106383,0.7957317073170732,0.3333333333333333,0.7327586206896551,0.9655172413793104,0.7007077856420627,0.9230769230769231,0.40476190476190477,0.7319587628865979,0.6504065040650406,0.65,0.5570098894706225,1.0,0.6666666666666666,0.6467065868263473,0.7379891237682463,0.6764705882352942,0.3957845433255269,0.8047044258743423,0.8325123152709359,0.8482142857142857,0.8083588175331294,0.5,0.44933920704845814,0.5714285714285714,0.6842105263157895,2.1789836655641466,2.7528525447192456,2.3108024310024025,7.242638641285795
Eastern Michigan,0.5,0.6481523984392931,0.0,0.3953488372093023,0.4716981132075472,0.6666666666666666,0.7358156028368794,0.7774390243902439,0.0,0.6120689655172413,0.5862068965517241,0.4084934277047523,0.9230769230769231,0.6904761904761905,0.8247422680412371,0.6720867208672087,0.25,0.4965095986038394,0.47619047619047616,0.4888888888888889,0.7065868263473054,0.9156887598642516,0.6176470588235294,0.18266978922716628,0.7011761064685855,0.9556650246305419,0.6964285714285714,0.763506625891947,0.5,0.05066079295154185,0.7142857142857143,0.4473684210526316,2.687688373855287,1.3844278716763303,1.8314159705369473,5.903532216068565
Florida,0.0,0.6033968326830388,0.2,0.5581395348837209,0.7358490566037735,0.25,0.5390070921985816,0.6829268292682927,0.0,0.7068965517241379,0.5517241379310345,0.3083923154701719,0.9230769230769231,0.3333333333333333,0.5773195876288659,0.5040650406504065,0.55,0.5538103548574753,0.5714285714285714,0.3333333333333333,0.6227544910179641,0.8168622480271497,0.4117647058823529,0.4379391100702576,0.7014856081708449,0.7142857142857143,0.6071428571428571,0.6187563710499491,0.2857142857142857,0.3590308370044053,0.7857142857142857,0.4473684210526316,2.004437055357686,2.551776445332317,1.242857887296763,5.799071387986766
Florida Atlantic,0.0,0.5744778517328437,0.2,0.5581395348837209,0.32075471698113206,0.6666666666666666,0.6205673758865248,0.7134146341463414,0.0,0.5862068965517241,0.6206896551724138,0.3953488372093023,0.9230769230769231,0.8095238095238095,0.5670103092783505,0.5555555555555556,0.55,0.6602675974403723,0.5238095238095238,0.4666666666666667,0.6826347305389222,0.8942634010712679,0.4411764705882353,0.16627634660421545,0.7386258124419685,0.7832512315270936,0.7053571428571429,0.6309887869520897,0.5,0.5638766519823789,0.5714285714285714,0.3684210526315789,2.367601036189533,2.220838265515235,1.224556934223683,5.812996235928452
Florida International,0.0,0.63185678218958,0.4,0.37209302325581395,0.33962264150943394,0.5833333333333334,0.5921985815602837,0.6554878048780488,0.0,0.4051724137931034,0.6551724137931034,0.6966632962588474,0.9230769230769231,0.6190476190476191,0.4639175257731959,0.5582655826558266,0.55,0.4246655031995346,0.5238095238095238,0.6,0.5913173652694611,0.844257267857873,0.5,0.18266978922716628,0.6519653358093469,0.7142857142857143,0.5892857142857143,0.5800203873598369,0.5714285714285714,0.6299559471365639,0.35714285714285715,0.631578947368421,2.091061363088286,2.3247510024391014,1.6494442379050114,6.065256603432398
Florida State,0.0,0.4966720220335093,0.0,0.18604651162790697,0.4528301886792453,0.8333333333333334,0.6294326241134752,0.5548780487804879,0.3333333333333333,0.5948275862068966,0.7586206896551724,0.5470171890798786,0.9230769230769231,0.7619047619047619,0.4742268041237113,0.48509485094850946,0.2,0.31675392670157065,0.6190476190476191,0.5555555555555556,0.5643712574850299,0.8002616837715174,0.4117647058823529,0.07728337236533958,0.503404518724853,0.7881773399014779,0.5982142857142857,0.5861365953109072,0.6428571428571429,0.15198237885462554,0.14285714285714285,0.2894736842105263,1.8175139063005292,1.3996401537407674,1.6041284635137167,4.821282523555014
Fresno State,0.5,0.6738581592839109,0.2,0.4418604651162791,0.32075471698113206,0.3333333333333333,0.7109929078014184,0.698170731707317,0.0,0.47413793103448276,0.5517241379310345,0.2871587462082912,0.9230769230769231,0.42857142857142855,0.6185567010309279,0.7588075880758808,0.7,0.3426410703897615,0.6190476190476191,0.4666666666666667,0.5299401197604791,0.8258576276730588,0.5588235294117647,0.5035128805620609,0.6366450015475085,0.7438423645320197,0.6428571428571429,0.6697247706422018,0.21428571428571427,0.5991189427312775,0.35714285714285715,0.5,2.2880506484580656,2.2940115907468925,1.930134852373986,6.512197091578945
Georgia,0.0,0.8179940325912325,0.0,0.5116279069767442,0.5660377358490566,0.6666666666666666,0.799645390070922,0.823170731707317,0.0,0.6120689655172413,0.5517241379310345,0.16885743174924167,1.0,0.5238095238095238,0.6391752577319587,0.8021680216802168,0.3,0.44997091332169864,0.5714285714285714,0.24444444444444444,0.5344311377245509,0.8736558040642761,0.5882352941176471,0.3793911007025761,0.7909316001238007,0.7339901477832512,0.625,0.6788990825688074,0.2857142857142857,0.046255506607929514,0.7142857142857143,0.7368421052631579,2.6111694399896885,1.5243622079742276,1.1507735591782577,5.286305207142173
Georgia Southern,0.0,0.660775763139775,0.2,0.5116279069767442,0.32075471698113206,0.4166666666666667,0.7269503546099291,0.7926829268292683,0.0,0.4827586206896552,0.5862068965517241,0.6521739130434783,0.9230769230769231,0.3333333333333333,0.7628865979381443,0.7289972899728997,0.65,0.43222803955788247,0.3333333333333333,0.6666666666666666,0.594311377245509,0.8836324978533753,0.2647058823529412,0.08430913348946135,0.6754874651810585,0.8078817733990148,0.6071428571428571,0.5790010193679919,0.7142857142857143,0.29955947136563876,0.35714285714285715,0.5263157894736842,2.2824864945507866,1.953072809036426,1.3898796629604562,5.6254389665476685
Georgia State,0.0,0.7043837502868947,0.0,0.3023255813953488,0.33962264150943394,0.4166666666666667,0.7960992907801419,0.7560975609756098,0.0,0.41379310344827586,0.6551724137931034,0.5237613751263903,0.9230769230769231,0.6428571428571429,0.5876288659793815,0.7344173441734417,0.45,0.4677137870855148,0.6190476190476191,0.6888888888888889,0.5389221556886228,0.8823649670850882,0.35294117647058826,0.05620608899297424,0.723769730733519,0.7881773399014779,0.5446428571428571,0.6004077471967381,0.42857142857142855,0.09911894273127753,0.5714285714285714,0.5526315789473685,2.2917497280893397,1.3025346876889874,1.3514979412323682,4.945782357010696
Georgia Tech,0.0,0.6619233417489098,0.2,0.6744186046511628,0.32075471698113206,0.625,0.6684397163120568,0.7835365853658537,0.0,0.5862068965517241,0.27586206896551724,0.35085945399393326,0.9230769230769231,0.6428571428571429,0.6597938144329897,0.6612466124661247,0.25,0.6518324607329843,0.2857142857142857,0.4222222222222222,0.6811377245508982,0.916629185918142,0.5588235294117647,0.28337236533957844,0.7930981120396162,0.7783251231527094,0.5357142857142857,0.47196738022426094,0.14285714285714285,0.19383259911894274,0.42857142857142855,0.3684210526315789,2.746873499784197,1.5507942126517986,1.3460646424729152,5.64373235490891
Hawai'i,0.5,0.7385815928391095,0.0,0.16279069767441862,0.5094339622641509,0.5,0.8528368794326241,0.7591463414634146,0.0,0.5862068965517241,0.6551724137931034,0.30535894843276035,0.9230769230769231,0.5238095238095238,0.6185567010309279,0.7750677506775068,0.3,0.34554973821989526,0.7142857142857143,0.4444444444444444,0.5,0.8927096536778837,0.3235294117647059,0.32084309133489464,0.6818322500773755,0.8029556650246306,0.8571428571428571,0.8603465851172273,0.2857142857142857,0.06387665198237885,0.35714285714285715,0.6578947368421053,2.3322611563220526,1.4595175107982539,1.5784799133140046,5.370258580434311
Houston,0.5,0.4204728023869635,0.2,0.20930232558139536,0.39622641509433965,0.4583333333333333,0.49645390070921985,0.551829268292683,0.0,0.5775862068965517,0.9310344827586207,0.46814964610717896,0.9230769230769231,0.6904761904761905,0.44329896907216493,0.4932249322493225,0.6,0.4767306573589296,0.8095238095238095,0.4888888888888889,0.6377245508982036,0.8882119638549291,0.5588235294117647,0.3091334894613583,0.5371402042711235,0.7635467980295566,0.5892857142857143,0.6350662589194699,0.7142857142857143,0.30176211453744495,0.5,0.23684210526315788,1.733937960446136,2.0755747365283366,1.9374962948909924,5.747008991865465
Illinois,0.0,0.5903144365389029,0.2,0.46511627906976744,0.5283018867924528,0.3333333333333333,0.5868794326241135,0.7408536585365854,0.0,0.4224137931034483,0.41379310344827586,0.25884732052578363,0.9230769230769231,0.38095238095238093,0.6597938144329897,0.5420054200542005,0.6,0.5293775450843514,0.23809523809523808,0.28888888888888886,0.6182634730538922,0.8572596802551417,0.7352941176470589,0.8009367681498829,0.6796657381615598,0.7192118226600985,0.5892857142857143,0.5168195718654435,0.5,0.29515418502202645,0.5,0.5526315789473685,2.190686600693045,2.0458698649179277,1.7366392460096782,5.973195711620651
Indiana,0.0,0.7303190268533395,0.4,0.8604651162790697,0.6226415094339622,0.5,0.5797872340425532,0.8810975609756098,0.0,0.7327586206896551,0.27586206896551724,0.1102123356926188,0.9230769230769231,0.5,0.6597938144329897,0.6124661246612466,0.7,0.6102385107620709,0.23809523809523808,0.1111111111111111,0.6841317365269461,0.9196140164370119,0.7941176470588235,0.810304449648712,0.8170844939647168,0.6502463054187192,0.5089285714285714,0.5351681957186545,0.21428571428571427,0.473568281938326,0.6428571428571429,0.8157894736842105,2.824610398587501,2.928968412061944,1.5214546195927212,7.275033430242167
Iowa,0.5,0.3624053247647464,0.2,0.6744186046511628,0.5094339622641509,0.125,0.42907801418439717,0.6097560975609756,0.0,0.5,0.3793103448275862,0.6289180990899899,0.9230769230769231,0.14285714285714285,0.6494845360824743,0.4037940379403794,0.8,0.6995346131471786,0.3333333333333333,0.5555555555555556,0.6901197604790419,0.8638835507216748,0.7647058823529411,0.7283372365339579,0.61652739090065,0.7635467980295566,0.32142857142857145,0.3486238532110092,0.2857142857142857,0.30837004405286345,0.5714285714285714,0.23684210526315788,2.131805217247351,2.3178040063170147,2.6479306446103705,7.097539868174737
Iowa State,0.5,0.7105806747762222,0.0,0.5581395348837209,0.2641509433962264,0.6666666666666666,0.7056737588652482,0.8201219512195121,0.0,0.5258620689655172,0.41379310344827586,0.18301314459049545,1.0,0.47619047619047616,0.7422680412371134,0.6368563685636857,0.7,0.5747527632344386,0.42857142857142855,0.2,0.6721556886227545,0.9580079322893241,0.4411764705882353,0.5550351288056206,0.7848963169297432,0.8472906403940886,0.4375,0.35881753312945974,0.21428571428571427,0.21365638766519823,0.5,0.5263157894736842,2.9229452552049366,1.703669400026942,1.5660206199869595,6.192635275218838
Jacksonville State,0.0,0.4879504246040854,0.2,1.0,0.3584905660377358,0.375,0.4698581560283688,0.8353658536585366,0.0,0.5948275862068966,0.4482758620689655,0.13043478260869565,1.0,0.47619047619047616,0.6494845360824743,0.4254742547425474,0.55,0.9066317626527051,0.2857142857142857,0.13333333333333333,0.8293413173652695,0.7838655599623829,0.47058823529411764,0.18266978922716628,0.8113587124729186,0.7487684729064039,0.625,0.6605504587155964,0.5,0.18722466960352424,0.6428571428571429,0.2894736842105263,2.4621267540267704,1.8905428218481568,0.7641884503860941,5.116858026261021
James Madison,0.5,0.602478769795731,0.8,0.4418604651162791,0.7169811320754716,0.4583333333333333,0.6329787234042553,0.7652439024390244,0.3333333333333333,0.6982758620689655,0.3103448275862069,0.47320525783619816,0.9230769230769231,0.6666666666666666,0.7010309278350515,0.5799457994579946,0.85,0.6701570680628273,0.19047619047619047,0.4222222222222222,0.7080838323353293,0.9247250275994603,0.6470588235294118,0.47306791569086654,0.7627669452181987,0.8325123152709359,0.7767857142857143,0.7054026503567788,0.35714285714285715,0.5837004405286343,0.7857142857142857,0.6842105263157895,2.7484942931916714,3.648957434673071,2.3740729605100266,8.77152468837477
Kansas,0.0,0.5749368831764976,0.4,0.6744186046511628,0.5094339622641509,0.4166666666666667,0.5425531914893617,0.7865853658536586,0.0,0.5948275862068966,0.5862068965517241,0.4499494438827098,0.9230769230769231,0.35714285714285715,0.7731958762886598,0.47696476964769646,0.6,0.7422920302501455,0.5714285714285714,0.6,0.6781437125748503,0.9098826511837101,0.23529411764705882,0.1288056206088993,0.7825750541627979,0.729064039408867,0.48214285714285715,0.46992864424057085,0.35714285714285715,0.2643171806167401,0.35714285714285715,0.39473684210526316,2.338514282348143,2.3685787290877873,1.1783743184488897,5.88546732988482
Kansas State,1.0,0.585953637824191,0.2,0.4186046511627907,0.5849056603773585,0.5833333333333334,0.6223404255319149,0.7317073170731707,0.0,0.6637931034482759,0.5172413793103449,0.5146612740141557,0.9230769230769231,0.5952380952380952,0.6288659793814433,0.5609756097560976,0.45,0.7196044211751018,0.42857142857142855,0.5777777777777777,0.6122754491017964,0.8535797522181788,0.4117647058823529,0.3700234192037471,0.7779325286289075,0.7586206896551724,0.5803571428571429,0.5474006116207951,0.42857142857142855,0.3436123348017621,0.35714285714285715,0.5789473684210527,2.7761428540577247,2.242311098627397,2.3951893140650276,7.413643266750149
Kennesaw State,0.0,0.3752582051870553,0.2,0.3023255813953488,0.41509433962264153,0.2916666666666667,0.526595744680851,0.5,0.6666666666666666,0.5,0.6206896551724138,1.0,0.9230769230769231,0.42857142857142855,0.6804123711340206,0.42276422764227645,0.2,0.4031413612565445,0.6666666666666666,0.9111111111111111,0.6721556886227545,0.8638835507216748,0.4411764705882353,0.2505854800936768,0.4675023212627669,0.9211822660098522,0.5982142857142857,0.5667686034658511,0.2857142857142857,0.1211453744493392,0.5714285714285714,0.15789473684210525,1.648628800393182,1.4362397140719807,2.7246164403830746,5.809484954848237
Kent State,0.0,0.4280468212072527,0.0,0.06976744186046512,0.33962264150943394,0.3333333333333333,0.5212765957446809,0.4725609756097561,0.0,0.4827586206896552,0.6896551724137931,0.6198179979777553,0.9230769230769231,0.5,0.29896907216494845,0.37669376693766937,0.2,0.2705061082024433,0.6190476190476191,0.7333333333333333,0.5808383233532934,0.7909800875005111,0.11764705882352941,0.1053864168618267,0.43252862890745897,0.7684729064039408,0.5178571428571429,0.436289500509684,0.5,0.16079295154185022,0.5,0.47368421052631576,1.4212437502670516,1.1831742137409393,1.3134873391637039,3.917905303171695
Kentucky,0.0,0.5090658710121644,0.2,0.2558139534883721,0.41509433962264153,0.4583333333333333,0.5531914893617021,0.7103658536585366,0.3333333333333333,0.5775862068965517,0.7931034482758621,0.6198179979777553,0.9230769230769231,0.5952380952380952,0.4948453608247423,0.45257452574525747,0.5,0.5110529377545084,0.8095238095238095,0.6888888888888889,0.6586826347305389,0.8697305474915157,0.47058823529411764,0.3044496487119438,0.6151346332404828,0.6995073891625616,0.6696428571428571,0.6371049949031601,0.42857142857142855,0.21806167400881057,0.42857142857142855,0.39473684210526316,1.7997474493364183,1.9107422205280038,2.0142317535050323,5.724721423369454
Liberty,0.0,0.4438834060133119,0.0,0.6511627906976745,0.3584905660377358,0.375,0.475177304964539,0.8079268292682927,0.0,0.5172413793103449,0.5172413793103449,0.6562184024266936,0.9230769230769231,0.42857142857142855,0.6701030927835051,0.4092140921409214,0.4,0.8318789994182665,0.2857142857142857,0.7333333333333333,0.7514970059880239,0.845238582001063,0.4117647058823529,0.34660421545667447,0.7418755803156918,0.7044334975369458,0.7142857142857143,0.7879714576962283,0.6428571428571429,0.18722466960352424,0.5714285714285714,0.39473684210526316,2.155193457528637,1.462956614951605,1.7899338809158785,5.408083953396121
Louisiana,0.0,0.7316961211843012,0.2,0.6046511627906976,0.37735849056603776,0.5416666666666666,0.625886524822695,0.8079268292682927,0.3333333333333333,0.4482758620689655,0.27586206896551724,0.78159757330637,1.0,0.4523809523809524,0.6804123711340206,0.6639566395663956,0.75,0.6305991855730075,0.2857142857142857,0.6222222222222222,0.6212574850299402,0.9391994112115141,0.47058823529411764,0.234192037470726,0.8288455586505726,0.7093596059113301,0.5982142857142857,0.5351681957186545,0.14285714285714285,0.21806167400881057,0.35714285714285715,0.5789473684210527,2.6601462582774245,1.993696026643814,2.034944501355641,6.6887867862768795
Louisiana Tech,0.0,0.6293321092494836,0.0,0.32558139534883723,0.39622641509433965,0.3333333333333333,0.6861702127659575,0.6798780487804879,0.0,0.5775862068965517,0.6896551724137931,0.564206268958544,0.9230769230769231,0.5476190476190477,0.7731958762886598,0.6612466124661247,0.25,0.410413030831879,0.3333333333333333,0.5333333333333333,0.6856287425149701,0.9432064439628736,0.9705882352941176,1.0,0.6426802847415661,0.9261083743842364,0.5714285714285714,0.6187563710499491,0.9285714285714286,0.13215859030837004,0.7857142857142857,0.47368421052631576,2.148390767087335,1.355971212299261,2.556773197988329,6.061135177374926
Louisville,0.0,0.7502868946522837,0.0,0.627906976744186,0.5471698113207547,0.3333333333333333,0.7127659574468085,0.7957317073170732,0.3333333333333333,0.6551724137931034,0.3448275862068966,0.6228513650151668,0.9230769230769231,0.47619047619047616,0.5773195876288659,0.6910569105691057,0.45,0.6529959278650378,0.2857142857142857,0.6666666666666666,0.5823353293413174,0.8818334219241935,0.8529411764705882,0.3793911007025761,0.8532961931290622,0.6945812807881774,0.6875,0.6106014271151886,0.2857142857142857,0.13656387665198239,0.5,0.6052631578947368,2.54036553051432,1.7889061017658403,2.379319701823609,6.708591334103769
LSU,0.0,0.8675694285058526,0.0,0.32558139534883723,0.6226415094339622,0.4583333333333333,0.8847517730496454,0.875,0.3333333333333333,0.5689655172413793,0.5172413793103449,0.654196157735086,0.9230769230769231,0.5238095238095238,0.8969072164948454,0.8644986449864499,0.25,0.4089586969168121,0.5238095238095238,0.5555555555555556,0.5134730538922155,0.9499120906080059,0.38235294117647056,0.11475409836065574,0.8025379139585268,0.8571428571428571,0.6785714285714286,0.6055045871559633,0.2857142857142857,0.04185022026431718,0.5714285714285714,0.6842105263157895,2.678822603285794,1.4834572469396587,1.7001600718009178,5.86243992202637
Marshall,0.0,0.49598347486802846,0.4,0.4418604651162791,0.6037735849056604,0.375,0.5443262411347518,0.7103658536585366,0.0,0.6896551724137931,0.3103448275862069,0.8240647118301314,1.0,0.38095238095238093,0.6288659793814433,0.47696476964769646,0.6,0.7027341477603257,0.19047619047619047,0.7111111111111111,0.6901197604790419,0.8308050864783089,0.5294117647058824,0.3255269320843091,0.7082946456205509,0.7635467980295566,0.5714285714285714,0.5025484199796126,0.35714285714285715,0.1211453744493392,0.42857142857142855,0.6578947368421053,2.3196508457811325,2.4145741317687928,1.9917620997761951,6.72598707732612
Maryland,0.0,0.7592380078035346,0.0,0.3488372093023256,0.2641509433962264,0.5833333333333334,0.874113475177305,0.7865853658536586,0.0,0.5862068965517241,0.6896551724137931,0.2416582406471183,0.9230769230769231,0.7380952380952381,0.7422680412371134,0.8536585365853658,0.5,0.38598022105875507,0.6666666666666666,0.3333333333333333,0.5538922155688623,0.8857995665862535,0.35294117647058826,0.22950819672131148,0.7172701949860725,0.8866995073891626,0.6875,0.7166156982670744,0.42857142857142855,0.29295154185022027,0.5,0.5526315789473685,2.4988421087226698,1.6433093817981708,0.9645341226436261,5.1066856131644665
Massachusetts,0.5,0.5005737893045674,0.0,0.4186046511627907,0.2830188679245283,0.5833333333333334,0.5797872340425532,0.7195121951219512,0.0,0.4224137931034483,0.3448275862068966,0.4024266936299292,0.9230769230769231,0.5714285714285714,0.6804123711340206,0.5067750677506775,0.3,0.5724258289703316,0.2857142857142857,0.4888888888888889,0.7215568862275449,0.951384061822791,0.5294117647058824,0.3044496487119438,0.6420612813370473,0.8571428571428571,0.7767857142857143,0.7726809378185525,0.2857142857142857,0.039647577092511016,0.2857142857142857,0.3684210526315789,2.4432965521905627,1.0450802381204878,1.8543141632805369,5.342690953591587
Memphis,0.0,0.7394996557264173,0.0,0.6976744186046512,0.4716981132075472,0.5,0.8031914893617021,0.8597560975609756,0.0,0.6206896551724138,0.27586206896551724,0.1820020222446916,0.9230769230769231,0.5476190476190477,0.7835051546391752,0.7913279132791328,0.5,0.6096567771960442,0.2857142857142857,0.24444444444444444,0.6197604790419161,0.9952978697305475,0.38235294117647056,0.3840749414519906,0.8229650263076447,0.8275862068965517,0.5982142857142857,0.6167176350662589,0.14285714285714285,0.29295154185022027,0.9285714285714286,0.6052631578947368,2.9046288535250717,1.8853393102301812,0.9940619577646643,5.784030121519917
Miami,0.0,0.9894422767959605,0.2,0.6511627906976745,0.6415094339622641,0.4583333333333333,0.8085106382978723,1.0,0.0,0.6637931034482759,0.4482758620689655,0.5187057633973711,0.9230769230769231,0.40476190476190477,0.8556701030927835,0.8428184281842819,0.7,0.6256544502617801,0.3333333333333333,0.4888888888888889,0.5853293413173652,0.9641002575949625,0.47058823529411764,0.2716627634660422,1.0,0.729064039408867,0.7142857142857143,0.835881753312946,0.42857142857142855,0.4845814977973568,0.2857142857142857,1.0,3.001768705311174,2.6898840352078963,1.4582047092053498,7.14985744972442
Miami (OH),0.0,0.6272664677530411,0.0,0.20930232558139536,0.5283018867924528,0.125,0.6170212765957447,0.6280487804878049,0.0,0.5775862068965517,0.4827586206896552,0.39737108190091003,1.0,0.19047619047619047,0.4742268041237113,0.5365853658536586,0.55,0.4726585223967423,0.5238095238095238,0.5555555555555556,0.5239520958083832,0.8767632988510446,0.5,0.26229508196721313,0.6744042092231507,0.6896551724137931,0.5803571428571429,0.5331294597349643,0.21428571428571427,0.22687224669603523,0.5714285714285714,0.6052631578947368,1.8095106107990113,1.88276034038504,1.4293514328530657,5.121622384037117
Michigan,0.0,0.3679137020885931,0.4,0.4186046511627907,0.5849056603773585,0.5,0.5195035460992907,0.600609756097561,0.0,0.6293103448275862,0.6551724137931034,0.4661274014155713,0.9230769230769231,0.40476190476190477,0.711340206185567,0.48509485094850946,0.55,0.5616637579988365,0.5714285714285714,0.4888888888888889,0.6482035928143712,0.9237846015455697,0.4411764705882353,0.3700234192037471,0.5468895078922934,0.7881773399014779,0.42857142857142855,0.48827726809378186,0.5,0.32158590308370044,0.2857142857142857,0.2894736842105263,1.9149659565375239,2.485801908288645,1.4718468167470353,5.8726146815732045
Michigan State,0.0,0.6006426440211154,0.2,0.2558139534883721,0.3584905660377358,0.5,0.6276595744680851,0.6890243902439024,0.0,0.5689655172413793,0.6551724137931034,0.1698685540950455,0.9230769230769231,0.5476190476190477,0.6082474226804123,0.5745257452574526,0.45,0.4133216986620128,0.6190476190476191,0.24444444444444444,0.5823353293413174,0.9100053154516089,0.2647058823529412,0.117096018735363,0.6248839368616528,0.7586206896551724,0.7142857142857143,0.7747196738022426,0.42857142857142855,0.4713656387665198,0.14285714285714285,0.34210526315789475,1.906211949905849,2.048821722045635,0.6634290830231617,4.6184627549746455
Middle Tennessee,0.5,0.7190727564838192,0.0,0.23255813953488372,0.37735849056603776,0.5416666666666666,0.7570921985815603,0.6646341463414634,0.0,0.47413793103448276,0.6551724137931034,0.5328614762386249,0.9230769230769231,0.6428571428571429,0.6391752577319587,0.7398373983739838,0.25,0.3158813263525305,0.47619047619047616,0.6666666666666666,0.5014970059880239,0.8906243611236047,0.35294117647058826,0.25995316159250587,0.652893840916125,0.7980295566502463,0.7857142857142857,0.7492354740061162,0.6428571428571429,0.09251101321585903,0.35714285714285715,0.42105263157894735,2.240397494365401,1.1940074348163796,1.9270187341403213,5.3614236633221015
Minnesota,0.0,0.6089052100068855,0.4,0.3953488372093023,0.4339622641509434,0.375,0.6737588652482269,0.7347560975609756,0.0,0.49137931034482757,0.3448275862068966,0.38928210313447925,0.9230769230769231,0.23809523809523808,0.7319587628865979,0.6856368563685636,0.8,0.38917975567190227,0.23809523809523808,0.4444444444444444,0.5479041916167665,0.931880443226888,0.6470588235294118,0.4238875878220141,0.6176106468585577,0.7733990147783252,0.5178571428571429,0.47196738022426094,0.35714285714285715,0.45594713656387664,0.2857142857142857,0.47368421052631576,2.2016068472474557,2.581288711059648,1.5872274657752914,6.370123024082395
Mississippi State,0.5,0.6589396373651595,0.2,0.4418604651162791,0.18867924528301888,0.875,0.650709219858156,0.7439024390243902,0.0,0.4051724137931034,0.6206896551724138,0.3114256825075834,0.9230769230769231,0.8809523809523809,0.6082474226804123,0.5826558265582655,0.35,0.4837114601512507,0.38095238095238093,0.26666666666666666,0.624251497005988,0.7562660996851617,0.5588235294117647,0.41920374707259955,0.7016403590219746,0.7881773399014779,0.7321428571428571,0.7370030581039755,0.7142857142857143,0.15859030837004406,0.2857142857142857,0.5,2.591573855309865,1.3024419674461662,1.713433021382179,5.60744884413821
Missouri,0.5,0.6033968326830388,0.2,0.5813953488372093,0.4716981132075472,0.4166666666666667,0.6560283687943262,0.7713414634146342,0.0,0.5603448275862069,0.3103448275862069,0.43377148634984836,0.9230769230769231,0.4523809523809524,0.865979381443299,0.6260162601626016,0.3,0.6000581733566027,0.23809523809523808,0.4888888888888889,0.7215568862275449,0.9718689945618841,0.23529411764705882,0.06323185011709602,0.7260909935004642,0.8866995073891626,0.5982142857142857,0.6095820591233435,0.2857142857142857,0.35462555066079293,0.7142857142857143,0.3157894736842105,2.7071099709464397,1.886668491454547,1.43432195250241,6.028100414903397
Navy,0.0,0.32361716777599264,0.6,0.7674418604651163,0.4528301886792453,0.5416666666666666,0.2783687943262411,0.5945121951219512,0.0,0.4396551724137931,0.4827586206896552,0.31243680485338726,0.9230769230769231,0.5,0.5257731958762887,0.23848238482384823,0.7,0.7934845840605003,0.2857142857142857,0.35555555555555557,0.7544910179640718,0.8135503127938831,0.35294117647058826,0.14754098360655737,0.6403590219746209,0.6699507389162561,0.5089285714285714,0.4841997961264016,0.5714285714285714,0.7202643171806168,0.42857142857142855,0.34210526315789475,2.0227700634687347,2.912749678273655,0.9737287670717404,5.90924850881413
NC State,0.0,0.6410374110626578,0.4,0.4883720930232558,0.4339622641509434,0.375,0.6471631205673759,0.7378048780487805,0.0,0.6982758620689655,0.7586206896551724,0.4833164812942366,0.9230769230769231,0.38095238095238093,0.5463917525773195,0.6395663956639567,0.4,0.4927283304246655,0.5714285714285714,0.37777777777777777,0.5763473053892215,0.9305311362800016,0.29411764705882354,0.1920374707259953,0.6943670690188796,0.7044334975369458,0.5535714285714286,0.5963302752293578,0.7142857142857143,0.3656387665198238,0.7142857142857143,0.47368421052631576,2.003241394448721,2.297876892739733,1.122707814047361,5.423826101235814
Nebraska,0.0,0.6252008262565986,0.6,0.46511627906976744,0.49056603773584906,0.25,0.7145390070921985,0.7957317073170732,0.0,0.6379310344827587,0.5862068965517241,0.391304347826087,0.9230769230769231,0.4523809523809524,0.7422680412371134,0.7154471544715447,0.55,0.45782431646305993,0.5238095238095238,0.4888888888888889,0.6167664670658682,0.9477450218751278,0.4411764705882353,0.17096018735362997,0.6651191581553698,0.8177339901477833,0.6607142857142857,0.6483180428134556,0.42857142857142855,0.40748898678414097,0.35714285714285715,0.3157894736842105,2.1568750264156096,2.6859860590027482,1.2436082455473676,6.086469330965725
Nevada,0.0,0.6343814551296764,0.2,0.4883720930232558,0.2641509433962264,0.625,0.648936170212766,0.7713414634146342,0.0,0.46551724137931033,0.5172413793103449,0.6370070778564206,1.0,0.6904761904761905,0.7835051546391752,0.6693766937669376,0.55,0.621000581733566,0.38095238095238093,0.7777777777777778,0.688622754491018,0.9898188657644028,0.29411764705882354,0.17798594847775176,0.7581244196843082,0.8374384236453202,0.8839285714285714,0.9683995922528033,0.5,0.20044052863436124,0.14285714285714285,0.5,2.462958258145768,1.680108713409898,1.5724070426423116,5.7154740141979765
New Mexico,0.5,0.6352995180169841,0.0,0.8604651162790697,0.3584905660377358,0.5416666666666666,0.6914893617021277,0.9024390243902439,0.0,0.4051724137931034,0.6551724137931034,0.3518705763397371,0.9230769230769231,0.4523809523809524,0.6597938144329897,0.6124661246612466,0.15,0.8865619546247818,0.5714285714285714,0.4444444444444444,0.6796407185628742,0.8502678169849123,0.2647058823529412,0.20608899297423888,0.9000309501702259,0.7339901477832512,1.0,0.9969418960244648,0.5,0.006607929515418502,0.5,0.3157894736842105,2.602439217806352,0.9202709093462578,1.4725915800928013,4.995301707245411
New Mexico State,0.0,0.39430801009869176,0.2,0.37209302325581395,0.2641509433962264,0.25,0.5673758865248227,0.7042682926829268,0.0,0.3879310344827586,0.7931034482758621,0.7704752275025278,0.9230769230769231,0.38095238095238093,0.7216494845360825,0.3821138211382114,0.45,0.6256544502617801,0.5714285714285714,0.8666666666666667,0.7410179640718563,0.8667048288833463,0.35294117647058826,0.16159250585480095,0.5987310430207367,0.896551724137931,0.5803571428571429,0.5881753312945973,0.7857142857142857,0.09030837004405286,0.07142857142857142,0.3157894736842105,1.818567656359281,1.3923903479230377,1.7930629804121532,5.004020984694472
North Carolina,1.0,0.644250631168235,0.6,0.6046511627906976,0.6792452830188679,0.5,0.6684397163120568,0.7987804878048781,0.3333333333333333,0.5775862068965517,0.5517241379310345,0.7007077856420627,0.9230769230769231,0.5714285714285714,0.6804123711340206,0.5934959349593496,0.45,0.662303664921466,0.38095238095238093,0.6222222222222222,0.6991017964071856,0.8837142740319744,0.4117647058823529,0.45433255269320844,0.7867533271432993,0.8226600985221675,0.7946428571428571,0.7920489296636085,0.5714285714285714,0.46255506607929514,0.42857142857142855,0.4473684210526316,2.7674285473065092,2.7693865559947146,2.9353004998109826,8.472115603112208
Northern Illinois,0.0,0.48680284599495066,0.0,0.5116279069767442,0.6037735849056604,0.4583333333333333,0.601063829787234,0.7774390243902439,0.3333333333333333,0.5948275862068966,0.5172413793103449,0.5025278058645096,0.9230769230769231,0.6428571428571429,0.7938144329896907,0.5311653116531165,0.4,0.725130890052356,0.3333333333333333,0.4222222222222222,0.7619760479041916,0.9673304166496299,0.38235294117647056,0.2224824355971897,0.7140204271123491,0.8719211822660099,0.48214285714285715,0.5514780835881753,0.5714285714285714,0.30616740088105726,0.35714285714285715,0.34210526315789475,2.4439671687805067,1.904768571993614,1.5524322818281047,5.901168022602225
North Texas,0.5,0.8891439063575854,0.0,0.5116279069767442,0.41509433962264153,0.8333333333333334,0.9184397163120568,0.875,0.0,0.5086206896551724,0.6551724137931034,0.5631951466127402,0.9230769230769231,1.0,0.6082474226804123,0.8861788617886179,0.5,0.5794066317626527,0.5714285714285714,0.5777777777777777,0.5374251497005988,0.8001390195036185,0.5294117647058824,0.48243559718969553,0.90776849272671,0.8177339901477833,0.7321428571428571,0.6962283384301733,0.5,0.2907488986784141,0.2857142857142857,0.8157894736842105,3.183325165794882,1.7144639279562282,2.21068357190508,7.10847266565619
Northwestern,0.5,0.5125086068395686,0.4,0.27906976744186046,0.4339622641509434,0.375,0.6950354609929078,0.5853658536585366,0.0,0.49137931034482757,0.6206896551724138,0.58948432760364,0.9230769230769231,0.42857142857142855,0.5670103092783505,0.5718157181571816,0.5,0.3440954043048284,0.5238095238095238,0.6,0.5269461077844312,0.8781943819765302,0.5,0.6042154566744731,0.528628907458991,0.8226600985221675,0.5089285714285714,0.4740061162079511,0.5,0.3700440528634361,0.42857142857142855,0.18421052631578946,1.9462697228641797,2.195385627359207,2.328083153565094,6.469738503788481
Notre Dame,0.0,0.5409685563461097,1.0,0.9302325581395349,0.5660377358490566,0.7916666666666666,0.5780141843971631,0.7591463414634146,0.0,0.5258620689655172,0.41379310344827586,0.2224469160768453,0.9230769230769231,0.5952380952380952,0.5051546391752577,0.5826558265582655,0.85,0.7873763816172193,0.23809523809523808,0.28888888888888886,0.6332335329341318,0.8773357321012389,0.6176470588235294,0.31381733021077285,0.7836583101207056,0.6354679802955665,0.625,0.6564729867482161,0.5,1.0,0.7857142857142857,0.5,2.5929038318245587,3.9418998048145735,1.2023334950000304,7.737137131639163
Ohio,0.5,0.5060821666284141,0.2,0.6744186046511628,0.5660377358490566,0.20833333333333334,0.5141843971631206,0.7530487804878049,0.3333333333333333,0.6896551724137931,0.6896551724137931,0.49443882709807885,1.0,0.21428571428571427,0.7216494845360825,0.4823848238482385,0.45,0.7344386271087842,0.5238095238095238,0.5111111111111111,0.7170658682634731,0.9402625015333034,0.4117647058823529,0.32084309133489464,0.7319715258433921,0.7389162561576355,0.5892857142857143,0.5596330275229358,0.6428571428571429,0.09911894273127753,0.6428571428571429,0.3157894736842105,2.1891551181048086,2.0048118509941273,2.1429092239664755,6.336876193065411
Ohio State,0.5,0.7004819830158366,0.2,0.5581395348837209,0.660377358490566,0.75,0.6099290780141844,0.7530487804878049,0.0,0.6724137931034483,0.3793103448275862,0.14560161779575329,0.9230769230769231,0.6190476190476191,0.6288659793814433,0.6558265582655827,0.45,0.5913321698662013,0.38095238095238093,0.24444444444444444,0.6032934131736527,0.88019789835221,0.6176470588235294,0.5714285714285714,0.786908077994429,0.7093596059113301,0.4642857142857143,0.49031600407747195,0.21428571428571427,0.31057268722466963,0.5714285714285714,0.7631578947368421,2.9103809307351725,2.2933638388186837,1.7326014104102492,6.936346179964104
Oklahoma,0.0,0.4615561165939867,0.4,0.37209302325581395,0.660377358490566,0.5833333333333334,0.5833333333333334,0.6707317073170732,0.0,0.7931034482758621,0.6896551724137931,0.2487360970677452,0.9230769230769231,0.6428571428571429,0.6391752577319587,0.5582655826558266,0.45,0.5430482838859803,0.2857142857142857,0.28888888888888886,0.7155688622754491,0.850799362145807,0.7941176470588235,0.4918032786885246,0.6001238006809038,0.8669950738916257,0.5535714285714286,0.5565749235474006,1.0,0.4052863436123348,0.8571428571428571,0.3684210526315789,2.0991477559663347,2.708767150378763,1.519621593086652,6.32753649943175
Oklahoma State,0.0,0.7289419325223778,0.2,0.4186046511627907,0.4716981132075472,0.7083333333333334,0.7978723404255319,0.7469512195121951,0.0,0.5689655172413793,0.7241379310344828,0.846309403437816,0.9230769230769231,0.6190476190476191,0.5876288659793815,0.7235772357723578,0.6,0.39848749272833045,0.8095238095238095,1.0,0.5284431137724551,0.7967453080917529,0.4411764705882353,0.2107728337236534,0.7034973692355307,0.7931034482758621,0.5357142857142857,0.528032619775739,0.2857142857142857,0.4713656387665198,0.21428571428571427,0.5789473684210527,2.3996025530006286,2.3120292692154463,2.0818822564580874,6.793514078674162
Old Dominion,0.0,0.5304108331420703,0.0,0.627906976744186,0.4339622641509434,0.2916666666666667,0.5904255319148937,0.7195121951219512,0.0,0.6379310344827587,0.6896551724137931,0.33771486349848334,0.9230769230769231,0.2619047619047619,0.7731958762886598,0.5284552845528455,0.6,0.7373472949389179,0.42857142857142855,0.4888888888888889,0.7095808383233533,0.8241812160117757,0.5882352941176471,0.2810304449648712,0.7499226245744351,0.8571428571428571,0.6607142857142857,0.6625891946992865,0.7857142857142857,0.31497797356828194,0.35714285714285715,0.4473684210526316,2.1491368988517516,1.986871272201984,1.4132245762249085,5.549232747278643
Ole Miss,0.0,0.9462933210924949,0.0,0.627906976744186,1.0,0.6666666666666666,0.7039007092198581,0.899390243902439,0.0,1.0,0.41379310344827586,0.14256825075834176,0.9230769230769231,0.6428571428571429,0.6701030927835051,0.7235772357723578,0.55,0.621000581733566,0.2857142857142857,0.15555555555555556,0.6976047904191617,0.8317455125321994,0.6176470588235294,0.29508196721311475,0.968430826369545,0.7783251231527094,0.7857142857142857,0.908256880733945,0.42857142857142855,0.07709251101321586,0.7142857142857143,0.7105263157894737,2.884369655486095,2.6270925110132155,1.0090440269587846,6.520506193458095
Oregon,0.5,0.7645168694055543,0.0,0.627906976744186,0.6981132075471698,0.375,0.6843971631205674,0.8658536585365854,0.0,0.6724137931034483,0.3793103448275862,0.3104145601617796,1.0,0.35714285714285715,0.7525773195876289,0.7696476964769647,0.5,0.598022105875509,0.2857142857142857,0.24444444444444444,0.6347305389221557,0.9037903258780717,0.6176470588235294,0.4566744730679157,0.8336428350355927,0.729064039408867,0.6071428571428571,0.5535168195718655,0.35714285714285715,0.030837004405286344,0.35714285714285715,0.631578947368421,2.822034926986141,1.9013640050559044,1.7743171137480576,6.497716045790103
Oregon State,0.0,0.5547394996557264,0.2,0.6744186046511628,0.1320754716981132,0.9166666666666666,0.6382978723404256,0.8170731707317073,0.0,0.3879310344827586,0.5517241379310345,0.37714863498483314,0.9230769230769231,1.0,0.7835051546391752,0.5853658536585366,0.25,0.6602675974403723,0.5238095238095238,0.4444444444444444,0.7245508982035929,0.976039579670442,0.20588235294117646,0.06323185011709602,0.7253172392448158,0.8571428571428571,0.5446428571428571,0.5586136595310908,0.35714285714285715,0.19383259911894274,0.5,0.18421052631578946,2.7505119431352516,1.1638391052998145,0.9089227354062918,4.8232737838413575
Penn State,0.0,0.6834978196006426,0.4,0.6046511627906976,0.6037735849056604,0.5833333333333334,0.5762411347517731,0.8536585365853658,0.0,0.7241379310344828,0.3448275862068966,0.3356926188068756,1.0,0.4523809523809524,0.7010309278350515,0.6314363143631436,0.6,0.6800465386852821,0.2857142857142857,0.3333333333333333,0.6826347305389222,0.9109457415054995,0.6176470588235294,0.2903981264637002,0.8226555246053854,0.7093596059113301,0.5267857142857143,0.5423037716615698,0.2857142857142857,0.4052863436123348,0.35714285714285715,0.631578947368421,2.678825702979986,2.733197859552478,1.3142259478561988,6.726249510388664
Pittsburgh,1.0,0.7642873536837274,0.8,0.32558139534883723,0.7358490566037735,0.4583333333333333,0.8280141843971631,0.8201219512195121,0.0,0.853448275862069,0.5862068965517241,0.6349848331648129,0.9230769230769231,0.5,0.6082474226804123,0.7696476964769647,0.6,0.44851657940663175,0.6190476190476191,0.6888888888888889,0.531437125748503,0.7664063458314593,0.7647058823529411,0.6018735362997658,0.7539461467038069,0.7733990147783252,0.7410714285714286,0.7716615698267074,0.2857142857142857,0.3634361233480176,0.2857142857142857,0.7105263157894737,2.717851968474322,3.35273345581386,3.075377617255341,9.145963041543524
Purdue,0.0,0.506541198072068,0.0,0.20930232558139536,0.41509433962264153,0.20833333333333334,0.5833333333333334,0.5335365853658537,0.0,0.5344827586206896,0.6551724137931034,0.3033367037411527,0.9230769230769231,0.42857142857142855,0.4742268041237113,0.5121951219512195,0.2,0.4031413612565445,0.42857142857142855,0.3333333333333333,0.5179640718562875,0.7903667661610173,0.4411764705882353,0.24121779859484777,0.5560198081089446,0.7241379310344828,0.5892857142857143,0.6340468909276249,0.7142857142857143,0.0,0.07142857142857142,0.34210526315789475,1.5383734839653176,1.149577098243331,1.0992202552146408,3.7871708374232895
Rice,0.0,0.6582510901996786,0.2,0.32558139534883723,0.6037735849056604,0.2916666666666667,0.8457446808510638,0.6676829268292683,0.3333333333333333,0.646551724137931,0.7586206896551724,0.7158746208291203,0.9230769230769231,0.47619047619047616,0.5979381443298969,0.7913279132791328,0.4,0.39965095986038396,0.6190476190476191,0.6,0.44610778443113774,0.844257267857873,0.8823529411764706,0.522248243559719,0.6564531104921077,0.8177339901477833,0.7589285714285714,0.7023445463812437,0.6428571428571429,0.15859030837004406,0.2857142857142857,0.4473684210526316,1.9542465574400016,2.0089156174136353,2.544840949082203,6.50800312393584
Rutgers,0.0,0.5643791599724581,0.2,0.5581395348837209,0.37735849056603776,0.5416666666666666,0.6436170212765957,0.8323170731707317,0.0,0.41379310344827586,0.27586206896551724,0.03943377148634985,0.9230769230769231,0.6428571428571429,0.7422680412371134,0.5392953929539296,0.35,0.6195462478184991,0.2857142857142857,0.08888888888888889,0.7155688622754491,0.9412438156764934,0.29411764705882354,0.25526932084309134,0.7101516558341071,0.8275862068965517,0.45535714285714285,0.4475025484199796,0.14285714285714285,0.21806167400881057,0.35714285714285715,0.4473684210526316,2.6730990146998996,1.5592132680231243,0.5647580235642946,4.797070306287319
Sam Houston,0.0,0.4528345191645628,0.2,0.4418604651162791,0.4716981132075472,0.5833333333333334,0.5691489361702128,0.7012195121951219,0.0,0.5775862068965517,0.4827586206896552,0.4074823053589484,0.9230769230769231,0.5,0.7422680412371134,0.5257452574525745,0.6,0.6660849331006399,0.42857142857142855,0.4222222222222222,0.7799401197604791,0.9575581633070287,0.4411764705882353,0.1756440281030445,0.659702878365831,0.9014778325123153,0.5,0.47196738022426094,0.35714285714285715,0.2665198237885463,0.7142857142857143,0.3684210526315789,2.3704965430458027,2.1158041438926456,1.2054375218937086,5.691738208832157
San Diego State,0.0,0.5664448014689006,0.4,0.3023255813953488,0.5849056603773585,0.7083333333333334,0.6648936170212766,0.676829268292683,0.0,0.5603448275862069,0.3103448275862069,0.5672396359959555,0.9230769230769231,0.7619047619047619,0.6597938144329897,0.6341463414634146,0.35,0.44997091332169864,0.38095238095238093,0.6444444444444445,0.6347305389221557,0.7990350410925298,0.5,0.2529274004683841,0.62132466728567,0.8719211822660099,0.9732142857142857,1.0,0.07142857142857142,0.46916299559471364,0.35714285714285715,0.39473684210526316,2.291153295154249,2.364413483558279,1.6371762340906535,6.292743012803181
San Jos State,0.0,0.8957998622905669,0.4,0.2558139534883721,0.4339622641509434,0.25,0.8723404255319149,0.7713414634146342,0.0,0.7413793103448276,0.9310344827586207,0.3134479271991911,0.9230769230769231,0.3333333333333333,0.6288659793814433,0.7669376693766937,1.0,0.285631180919139,0.7142857142857143,0.4222222222222222,0.4251497005988024,0.7565523163102589,0.20588235294117646,0.12646370023419204,0.7559579077684927,0.7339901477832512,0.7589285714285714,0.7838939857288482,0.8571428571428571,0.2599118942731278,0.5,0.7631578947368421,1.9546284200966086,2.8352534687688986,0.8900135021639848,5.679895391029492
SMU,0.5,0.7268762910259353,0.4,0.6511627906976745,0.6981132075471698,0.375,0.6170212765957447,0.8201219512195121,0.0,0.75,0.6551724137931034,0.4044489383215369,1.0,0.40476190476190477,0.7216494845360825,0.6151761517615176,0.75,0.6276905177428738,0.38095238095238093,0.4444444444444444,0.6976047904191617,0.83861471153453,0.6764705882352942,0.5058548009367682,0.8240482822655525,0.7487684729064039,0.9017857142857143,0.9806320081549439,0.7857142857142857,0.6762114537444934,0.42857142857142855,0.631578947368421,2.4596703755987663,3.274324661291663,2.1093489766150366,7.843344013505466
South Alabama,0.5,0.6633004360798714,0.6,0.6976744186046512,0.3584905660377358,0.4583333333333333,0.648936170212766,0.7774390243902439,0.0,0.5689655172413793,0.3793103448275862,0.24064711830131447,0.9230769230769231,0.40476190476190477,0.5979381443298969,0.6449864498644986,0.75,0.6751018033740547,0.23809523809523808,0.3111111111111111,0.6092814371257484,0.869894099848714,0.35294117647058826,0.468384074941452,0.8064066852367688,0.7192118226600985,0.875,0.8634046890927625,0.42857142857142855,0.7995594713656388,0.2857142857142857,0.5,2.551470670587538,3.0770155546447544,1.5609029006870547,7.189389125919346
South Carolina,0.0,0.6052329584576543,0.4,0.5813953488372093,0.7547169811320755,0.4583333333333333,0.5443262411347518,0.7926829268292683,0.0,0.7241379310344828,0.6896551724137931,0.2861476238624874,0.9230769230769231,0.5238095238095238,0.7010309278350515,0.5447154471544715,0.65,0.662303664921466,0.3333333333333333,0.35555555555555557,0.7694610778443114,0.9167109620967412,0.5588235294117647,0.2927400468384075,0.7604456824512534,0.8029556650246306,0.7232142857142857,0.7125382262996942,0.9285714285714286,0.3502202643171806,0.6428571428571429,0.5263157894736842,2.277183434700139,2.879075176483739,1.244388963056846,6.400647574240724
Southern Miss,0.5,0.48175350011475787,0.2,0.3023255813953488,0.37735849056603776,0.5,0.5638297872340425,0.5670731707317073,0.0,0.5603448275862069,1.0,0.4186046511627907,0.9230769230769231,0.6428571428571429,0.4020618556701031,0.44986449864498645,0.3,0.38045375218150085,0.8095238095238095,0.4888888888888889,0.6137724550898204,0.8059860162734596,0.3235294117647059,0.09133489461358314,0.5272361497988239,0.7635467980295566,0.6428571428571429,0.5902140672782875,0.8571428571428571,0.2533039647577093,0.2857142857142857,0.18421052631578946,1.6768328596622881,1.691007282909954,1.5186315386916407,4.886471681263883
South Florida,0.0,0.6247417948129447,0.2,0.7209302325581395,0.6037735849056604,0.5833333333333334,0.7216312056737588,0.7621951219512195,0.0,0.8448275862068966,0.5862068965517241,0.33367037411526795,0.9230769230769231,0.6190476190476191,0.7216494845360825,0.6449864498644986,0.6,0.6675392670157068,0.42857142857142855,0.37777777777777777,0.6856287425149701,0.7409739542871162,0.7647058823529411,0.6557377049180327,0.7763850201176107,0.8916256157635468,0.8392857142857143,0.8338430173292558,0.5714285714285714,0.2907488986784141,0.9285714285714286,0.42105263157894735,2.5055423453553676,2.539350069790971,1.7765764493033498,6.821468864449688
Stanford,0.5,0.5267385815928392,0.2,0.2558139534883721,0.4716981132075472,0.9583333333333334,0.6560283687943262,0.676829268292683,0.0,0.5431034482758621,0.7586206896551724,0.24772497472194135,0.9230769230769231,0.9761904761904762,0.5773195876288659,0.6070460704607046,0.45,0.46713205351948806,0.8095238095238095,0.3333333333333333,0.6511976047904192,0.9327390931021793,0.4411764705882353,0.38875878220140514,0.6036830702568864,0.7980295566502463,0.5803571428571429,0.599388379204893,0.35714285714285715,0.3700440528634361,0.5,0.47368421052631576,2.496145615582137,2.034845614346845,1.5924946340374293,6.123485863966412
Syracuse,0.0,1.0,0.2,0.46511627906976744,0.49056603773584906,0.8333333333333334,1.0,0.9451219512195121,0.0,0.5603448275862069,0.5172413793103449,0.3346814964610718,0.9230769230769231,0.7142857142857143,0.9484536082474226,1.0,0.45,0.32926119837114604,0.5714285714285714,0.37777777777777777,0.5508982035928144,0.9923130392116777,0.4411764705882353,0.3091334894613583,0.8494274218508202,0.9113300492610837,0.7589285714285714,0.7329255861365953,0.21428571428571427,0.2290748898678414,0.35714285714285715,0.7631578947368421,3.123318626185061,1.9299857551898976,1.218974361907036,6.272278743281995
TCU,0.5,0.8746844158824879,0.0,0.6046511627906976,0.4339622641509434,0.6666666666666666,0.8049645390070922,0.8323170731707317,0.0,0.5,0.7241379310344828,0.3185035389282103,0.9230769230769231,0.47619047619047616,0.6907216494845361,0.8265582655826558,0.4,0.40226876090750435,0.47619047619047616,0.4,0.5374251497005988,0.8352210001226643,0.7058823529411765,0.6416861826697893,0.8037759207675642,0.7536945812807881,0.6071428571428571,0.6585117227319062,0.7857142857142857,0.09911894273127753,0.42857142857142855,0.6578947368421053,2.7181653305350224,1.433081206882221,2.138393395449313,6.289639932866557
Temple,0.5,0.5949047509754418,0.0,0.23255813953488372,0.2641509433962264,0.4166666666666667,0.7304964539007093,0.5701219512195121,0.0,0.39655172413793105,0.8275862068965517,0.6804853387259858,0.9230769230769231,0.5714285714285714,0.6082474226804123,0.6558265582655827,0.45,0.32577079697498545,0.6666666666666666,0.7777777777777778,0.5763473053892215,0.8893568303553175,0.4117647058823529,0.18501170960187355,0.5744351593933766,0.9064039408866995,0.5982142857142857,0.5514780835881753,0.7142857142857143,0.17400881057268722,0.42857142857142855,0.42105263157894735,2.0727325046036533,1.2847114781068445,2.1291996099899917,5.4866435927004895
Tennessee,0.5,0.635988065182465,0.2,0.7441860465116279,0.5471698113207547,0.4166666666666667,0.6063829787234043,0.8719512195121951,0.0,0.8103448275862069,0.5172413793103449,0.268958543983822,0.9230769230769231,0.38095238095238093,0.8969072164948454,0.6016260162601627,0.55,0.8135543920884235,0.3333333333333333,0.28888888888888886,0.811377245508982,0.8772948440119394,0.8235294117647058,0.9929742388758782,0.861652739090065,0.8916256157635468,0.8839285714285714,0.8348623853211009,0.5714285714285714,0.5440528634361234,0.6428571428571429,0.5526315789473685,2.7952347810149494,2.6515675023430854,2.3952925695944125,7.842094852952448
Texas,0.0,0.7560247876979573,0.2,0.4883720930232558,0.6415094339622641,0.5,0.7127659574468085,0.8201219512195121,0.0,0.7413793103448276,0.6551724137931034,0.2396359959555106,1.0,0.5238095238095238,0.711340206185567,0.7317073170731707,0.9,0.6143106457242583,0.42857142857142855,0.24444444444444444,0.6661676646706587,0.8987610908942225,0.6764705882352942,0.45433255269320844,0.8365831012070566,0.7783251231527094,0.6607142857142857,0.6156982670744139,0.7142857142857143,0.3744493392070485,0.5714285714285714,0.868421052631579,2.602236372341517,2.8573380835141404,1.3457363177737147,6.805310773629372
Texas A&M,0.0,0.5604773927014001,0.4,0.6046511627906976,0.4339622641509434,0.2916666666666667,0.5656028368794326,0.7774390243902439,0.0,0.7413793103448276,0.4482758620689655,0.268958543983822,0.9230769230769231,0.40476190476190477,0.7422680412371134,0.5149051490514905,0.65,0.6977894124490983,0.42857142857142855,0.3111111111111111,0.7365269461077845,0.931880443226888,0.4117647058823529,0.20140515222482436,0.7491488703187867,0.7931034482758621,0.8035714285714286,0.8042813455657493,0.2857142857142857,0.5154185022026432,0.2857142857142857,0.42105263157894735,2.2528433753335673,2.7407600766984146,0.9943662610017585,5.98796971303374
Texas State,0.5,0.7300895111315125,0.2,0.5813953488372093,0.5849056603773585,0.5833333333333334,0.6968085106382979,0.9542682926829268,0.0,0.7758620689655172,0.7241379310344828,0.5561172901921132,0.9230769230769231,0.5238095238095238,0.7216494845360825,0.7371273712737128,0.35,0.7324025596276905,0.6190476190476191,0.6,0.7215568862275449,0.9020730261274891,0.5882352941176471,0.8173302107728337,0.8819251005880532,0.7586206896551724,0.7053571428571429,0.7492354740061162,0.5714285714285714,0.19162995594713655,0.5714285714285714,0.7894736842105263,2.8663230439507803,2.102397685290012,2.551402329235495,7.520123058476287
Texas Tech,0.0,0.8216662841404636,0.4,0.5581395348837209,0.3584905660377358,0.5833333333333334,0.8900709219858156,0.9054878048780488,0.0,0.5172413793103449,0.6551724137931034,0.865520728008089,0.9230769230769231,0.6428571428571429,1.0,0.8563685636856369,0.7,0.5657358929610239,0.42857142857142855,0.9777777777777777,0.6467065868263473,0.8878030829619332,0.3235294117647059,0.15690866510538642,0.8549984524914888,0.9753694581280788,0.8125,0.7869520897043832,0.7142857142857143,0.2775330396475771,0.5,0.7894736842105263,2.924149263722512,2.2532649849956576,1.9364471522132995,7.113861400931469
Toledo,0.0,0.6779894422767959,0.2,0.27906976744186046,0.5094339622641509,0.625,0.7145390070921985,0.7286585365853658,0.3333333333333333,0.6982758620689655,0.5862068965517241,0.6127401415571284,0.9230769230769231,0.7142857142857143,0.6391752577319587,0.6775067750677507,0.5,0.42088423502036065,0.3333333333333333,0.5555555555555556,0.6137724550898204,0.8005070123073149,0.7647058823529411,0.6721311475409836,0.6810584958217271,0.8374384236453202,0.625,0.6187563710499491,0.7142857142857143,0.28634361233480177,0.5,0.6842105263157895,2.3864794785182357,2.194053436667918,2.4487217169499518,7.029254632136106
Troy,0.5,0.5868717007114987,0.2,0.3953488372093023,0.33962264150943394,0.3333333333333333,0.601063829787234,0.7439024390243902,0.0,0.646551724137931,0.5517241379310345,0.3033367037411527,0.9230769230769231,0.40476190476190477,0.8350515463917526,0.5772357723577236,0.3,0.5491564863292612,0.42857142857142855,0.4444444444444444,0.6482035928143712,0.8916056752667948,0.38235294117647056,0.3700234192037471,0.687867533271433,0.7931034482758621,0.7142857142857143,0.7196738022426096,0.5,0.1762114537444934,0.14285714285714285,0.5526315789473685,2.3487675559707846,1.6623858193918586,1.6667979238048458,5.677951299167489
Tulane,0.0,0.5960523295845765,1.0,0.7441860465116279,0.6037735849056604,0.2916666666666667,0.4858156028368794,0.801829268292683,0.6666666666666666,0.646551724137931,0.3448275862068966,0.4924165824064712,1.0,0.3333333333333333,0.8041237113402062,0.48509485094850946,0.6,0.7469458987783595,0.23809523809523808,0.4444444444444444,0.7559880239520959,0.9923130392116777,0.29411764705882354,0.053864168618266976,0.7992881460848035,0.7339901477832512,0.6875,0.6350662589194699,0.35714285714285715,0.5154185022026432,0.5714285714285714,0.5789473684210527,2.4607812528321236,3.365743811246235,1.6262579243288942,7.452782988407253
Tulsa,0.5,0.6571035115905439,0.2,0.2558139534883721,0.33962264150943394,0.4166666666666667,0.774822695035461,0.7469512195121951,0.3333333333333333,0.6810344827586207,0.7931034482758621,0.7189079878665319,0.9230769230769231,0.7380952380952381,0.7422680412371134,0.6720867208672087,0.45,0.5285049447353112,0.5714285714285714,0.5555555555555556,0.6736526946107785,0.8753731038148588,0.6764705882352942,0.4426229508196721,0.724233983286908,0.9655172413793104,0.6339285714285714,0.6238532110091743,0.7857142857142857,0.14537444933920704,0.5,0.6052631578947368,2.5330301211429367,1.8160315736072616,2.689075346508656,7.038137041258855
UAB,1.0,0.7204498508147809,0.2,0.20930232558139536,0.33962264150943394,0.5,0.7890070921985816,0.7896341463414634,0.0,0.41379310344827586,0.896551724137931,0.6582406471183013,0.9230769230769231,0.6190476190476191,0.6597938144329897,0.7696476964769647,0.4,0.4572425828970332,0.7619047619047619,0.6888888888888889,0.5853293413173652,0.8667457169726459,0.5,0.7939110070257611,0.7290312596719282,0.8275862068965517,0.875,0.9031600407747197,0.7142857142857143,0.3986784140969163,0.35714285714285715,0.631578947368421,2.4868377242954804,1.752094159054626,3.0342004525274597,7.273132335877566
UCF,0.0,0.5499196694973606,0.2,0.7674418604651163,0.41509433962264153,0.625,0.549645390070922,0.8628048780487805,0.0,0.7155172413793104,0.6551724137931034,0.38928210313447925,0.9230769230769231,0.6666666666666666,0.6597938144329897,0.4905149051490515,0.45,0.8659104130308318,0.5238095238095238,0.5111111111111111,0.7724550898203593,0.8338716931757779,0.5588235294117647,0.4426229508196721,0.8314763231197771,0.7586206896551724,0.6964285714285714,0.6656472986748216,0.5714285714285714,0.5088105726872246,0.14285714285714285,0.3684210526315789,2.509170850097584,2.2894221536891766,1.5848664120641895,6.38345941585095
UCLA,0.0,0.6669726876291026,0.4,0.09302325581395349,0.41509433962264153,0.3333333333333333,0.7056737588652482,0.6585365853658537,0.0,0.5517241379310345,0.5862068965517241,0.28311425682507585,0.9230769230769231,0.38095238095238093,0.6907216494845361,0.7018970189701897,0.5,0.3033740546829552,0.5238095238095238,0.3333333333333333,0.5029940119760479,0.9164656335609437,0.14705882352941177,0.13114754098360656,0.6112658619622408,0.7684729064039408,0.875,0.8430173292558614,0.42857142857142855,0.3898678414096916,0.21428571428571427,0.4473684210526316,1.8003167952524401,2.2566863189633675,0.7455449622261896,4.802548076441997
UConn,0.0,0.5572641725958228,0.2,0.5116279069767442,0.39622641509433965,0.2916666666666667,0.6595744680851063,0.7560975609756098,0.3333333333333333,0.5775862068965517,0.5517241379310345,0.49646107178968657,0.9230769230769231,0.35714285714285715,0.6494845360824743,0.5582655826558266,0.45,0.696044211751018,0.42857142857142855,0.37777777777777777,0.6946107784431138,0.870098540295212,1.0,0.5878220140515222,0.7460538532961931,0.8374384236453202,0.5803571428571429,0.6676860346585117,0.5,0.31497797356828194,0.35714285714285715,0.6052631578947368,2.283094456986194,1.9387905955591735,2.329495164126933,6.5513802166723005
UL Monroe,0.0,0.3711269221941703,0.2,0.3953488372093023,0.33962264150943394,0.6666666666666666,0.43617021276595747,0.5609756097560976,0.0,0.43103448275862066,0.5172413793103449,0.12234580384226491,0.9230769230769231,0.5714285714285714,0.5257731958762887,0.36314363143631434,0.3,0.6032577079697499,0.5714285714285714,0.17777777777777778,0.6796407185628742,0.9061209469681482,0.17647058823529413,0.14285714285714285,0.5711853915196533,0.7684729064039408,0.6339285714285714,0.5290519877675841,0.21428571428571427,0.12334801762114538,0.5,0.2894736842105263,1.9363356322987406,1.3940051418892003,0.5162094272603998,3.846550201448341
UNLV,1.0,0.49552444342437457,0.2,0.627906976744186,0.660377358490566,0.5416666666666666,0.4645390070921986,0.8262195121951219,0.3333333333333333,0.7241379310344828,0.27586206896551724,0.46006066734074824,1.0,0.42857142857142855,0.7216494845360825,0.43089430894308944,0.85,0.9037230948225713,0.23809523809523808,0.5555555555555556,0.8008982035928144,0.9077973586294312,0.8235294117647058,0.6932084309133489,0.8149179820489013,0.812807881773399,0.6160714285714286,0.6452599388379205,0.21428571428571427,0.43612334801762115,0.35714285714285715,0.6052631578947368,2.985864460929397,2.8706386375426702,3.221406165756409,9.077909264228477
USC,0.0,0.803305026394308,0.2,0.4418604651162791,0.3584905660377358,0.3333333333333333,0.875886524822695,0.8445121951219512,0.0,0.4396551724137931,0.6206896551724138,0.5935288169868554,0.9230769230769231,0.40476190476190477,0.7010309278350515,0.8482384823848238,0.5,0.5232693426410704,0.5714285714285714,0.5333333333333333,0.49101796407185627,0.8997015169481131,0.38235294117647056,0.17330210772833723,0.8200247601361808,0.7487684729064039,0.6160714285714286,0.6095820591233435,0.42857142857142855,0.33480176211453744,0.42857142857142855,0.6578947368421053,2.4642685629865495,1.8329475005660663,1.4020976660208304,5.699313729573447
Utah,0.5,0.5492311223318798,0.6,0.16279069767441862,0.4339622641509434,0.375,0.6347517730496454,0.6067073170731707,0.0,0.6637931034482759,0.7586206896551724,0.35490394337714865,0.9230769230769231,0.47619047619047616,0.5773195876288659,0.5392953929539296,0.6,0.4552065154159395,0.8095238095238095,0.37777777777777777,0.6032934131736527,0.9452099603385534,0.6470588235294118,0.2903981264637002,0.6125038687712783,0.8423645320197044,0.5803571428571429,0.5657492354740061,0.35714285714285715,0.5462555066079295,0.42857142857142855,0.5263157894736842,2.0503535694110617,2.8440108742071493,1.8084488926233653,6.702813336241576
Utah State,0.0,0.7411062657792059,0.2,0.4883720930232558,0.5283018867924528,0.5833333333333334,0.8120567375886525,0.823170731707317,0.0,0.6206896551724138,0.7586206896551724,0.48432760364004046,0.9230769230769231,0.6666666666666666,0.7216494845360825,0.7967479674796748,0.65,0.6957533449680047,0.8095238095238095,0.5555555555555556,0.6302395209580839,0.8043096046121765,0.47058823529411764,0.3255269320843091,0.8698545341999381,0.8669950738916257,0.8392857142857143,0.9021406727828746,0.35714285714285715,0.24669603524229075,0.21428571428571427,0.7631578947368421,2.6449085544893016,2.2456875772071574,1.5299986054783523,6.420594737174811
UTEP,0.5,0.5508377323846684,0.0,0.20930232558139536,0.660377358490566,0.3333333333333333,0.6471631205673759,0.6097560975609756,0.3333333333333333,0.7327586206896551,0.6551724137931034,0.5015166835187057,0.9230769230769231,0.6428571428571429,0.6082474226804123,0.6043360433604336,0.55,0.42175683536940084,0.5714285714285714,0.5333333333333333,0.6541916167664671,0.822872797154189,0.5,0.7283372365339579,0.5957907768492726,0.8817733990147784,0.6071428571428571,0.6228338430173292,0.5,0.36123348017621143,0.5,0.39473684210526316,2.1422854230775275,2.304369459356433,2.5804338222661087,7.027088704700069
UTSA,0.0,0.7870094101445949,0.0,0.4186046511627907,0.7169811320754716,0.4166666666666667,0.8439716312056738,0.7835365853658537,0.3333333333333333,0.8879310344827587,0.6896551724137931,0.3690596562184024,0.9230769230769231,0.6190476190476191,0.845360824742268,0.7940379403794038,0.5,0.564281559045957,0.5714285714285714,0.28888888888888886,0.687125748502994,0.9297542625833095,0.4411764705882353,0.1756440281030445,0.8308573197152584,1.0,0.9196428571428571,0.9857288481141692,0.5714285714285714,0.05506607929515418,0.7142857142857143,0.6842105263157895,2.564819796714004,2.1599782458533845,1.340085314276587,6.064883356843976
Vanderbilt,0.5,0.4962129905898554,0.4,0.37209302325581395,0.41509433962264153,0.2916666666666667,0.50177304964539,0.6585365853658537,0.3333333333333333,0.5431034482758621,0.2413793103448276,0.40040444893832156,0.9230769230769231,0.30952380952380953,0.711340206185567,0.44986449864498645,0.45,0.4883653286794648,0.19047619047619047,0.3333333333333333,0.6437125748502994,0.9138896839350698,0.47058823529411764,0.6065573770491803,0.5943980191891055,0.7733990147783252,0.5803571428571429,0.6401630988786952,0.21428571428571427,0.2290748898678414,0.35714285714285715,0.47368421052631576,2.2211569864534337,2.037272677766345,2.2035139399569053,6.4619436041766845
Virginia,0.0,0.6307092035804452,0.0,0.32558139534883723,0.39622641509433965,0.625,0.7109929078014184,0.7073170731707317,0.0,0.49137931034482757,0.6551724137931034,0.3276036400404449,0.9230769230769231,0.6904761904761905,0.6391752577319587,0.6666666666666666,0.45,0.46364165212332753,0.6666666666666666,0.4222222222222222,0.6452095808383234,0.8801570102629104,0.5588235294117647,0.2810304449648712,0.6719281956050758,0.896551724137931,0.5535714285714286,0.5545361875637105,0.35714285714285715,0.1762114537444934,0.42857142857142855,0.42105263157894735,2.333404403202395,1.5138171791836605,1.3247331971994192,5.171954779585475
Virginia Tech,0.5,0.5308698645857242,0.0,0.627906976744186,0.660377358490566,0.3333333333333333,0.5691489361702128,0.7103658536585366,0.0,0.6637931034482759,0.5517241379310345,0.3902932254802831,0.9230769230769231,0.4523809523809524,0.6391752577319587,0.5149051490514905,0.7,0.6547411285631181,0.38095238095238093,0.4222222222222222,0.6841317365269461,0.8711616306170012,0.7941176470588235,0.6814988290398126,0.7062828845558651,0.8275862068965517,0.6339285714285714,0.6136595310907238,0.5714285714285714,0.41629955947136565,0.6428571428571429,0.39473684210526316,2.35879176225665,2.4404700214102073,2.323443269834285,7.122705053501142
Wake Forest,0.5,0.6612347945834289,0.0,0.4186046511627907,0.37735849056603776,0.6666666666666666,0.7145390070921985,0.7957317073170732,0.3333333333333333,0.5086206896551724,0.7241379310344828,0.38119312436804853,0.9230769230769231,0.5952380952380952,0.6907216494845361,0.6720867208672087,0.55,0.45869691681210006,0.6190476190476191,0.4,0.6541916167664671,0.849409167109621,0.4411764705882353,0.5784543325526932,0.6898792943361188,0.8423645320197044,0.5446428571428571,0.5616717635066258,0.5714285714285714,0.15418502202643172,0.42857142857142855,0.4473684210526316,2.5412871349247617,1.5901642022476419,2.1951310507019253,6.326582387874329
Washington,0.0,0.6949736056919898,0.0,0.3023255813953488,0.37735849056603776,0.4583333333333333,0.6826241134751773,0.7560975609756098,0.0,0.3706896551724138,0.3793103448275862,0.5439838220424671,0.9230769230769231,0.5714285714285714,0.5257731958762887,0.7479674796747967,0.4,0.4598603839441536,0.3333333333333333,0.5333333333333333,0.5748502994011976,0.8880484114977307,0.35294117647058826,0.1873536299765808,0.7132466728567007,0.6945812807881774,0.6428571428571429,0.6452599388379205,0.2857142857142857,0.28854625550660795,0.5,0.47368421052631576,2.2769000942315394,1.4365944012450598,1.348009968185808,5.061504463662407
Washington State,0.0,0.7404177186137251,0.6,0.627906976744186,0.3584905660377358,0.5416666666666666,0.6312056737588653,0.8353658536585366,0.0,0.5172413793103449,0.3793103448275862,0.48533872598584427,0.9230769230769231,0.5714285714285714,0.5876288659793815,0.6287262872628726,0.7,0.6003490401396161,0.3333333333333333,0.4888888888888889,0.6541916167664671,0.839309809052623,0.3235294117647059,0.17330210772833723,0.8186320024760136,0.6847290640394089,0.6875,0.72579001019368,0.2857142857142857,0.579295154185022,0.5714285714285714,0.7894736842105263,2.628999698666522,2.7550270995331028,1.2258826119731467,6.6099094101727704
Western Kentucky,0.0,0.7486802845994951,0.0,0.32558139534883723,0.41509433962264153,0.7083333333333334,0.7092198581560284,0.7286585365853658,0.0,0.5344827586206896,0.6551724137931034,0.3731041456016178,1.0,0.6666666666666666,0.711340206185567,0.7208672086720868,0.5,0.41652123327516,0.5714285714285714,0.4444444444444444,0.5838323353293413,0.8391053686061251,0.47058823529411764,0.13348946135831383,0.7264004952027237,0.8029556650246306,0.44642857142857145,0.4984709480122324,0.5,0.24008810572687225,0.7857142857142857,0.6578947368421053,2.5038970259322686,1.6896652039702034,1.1846885722487448,5.378250802151217
Western Michigan,0.0,0.5129676382832224,0.2,0.627906976744186,0.3584905660377358,0.75,0.524822695035461,0.7042682926829268,0.0,0.4396551724137931,0.41379310344827586,0.7462082912032356,0.9230769230769231,0.7380952380952381,0.5257731958762887,0.5284552845528455,0.35,0.6591041303083188,0.38095238095238093,0.7777777777777778,0.6661676646706587,0.8773766201905385,0.5,0.1873536299765808,0.6965335809346952,0.7241379310344828,0.42857142857142855,0.4780835881753313,0.2857142857142857,0.2599118942731278,0.9285714285714286,0.4473684210526316,2.4974345602244292,1.6080576327246567,1.842783082464662,5.948275275413748
West Virginia,0.0,0.55221482671563,0.2,0.5581395348837209,0.37735849056603776,1.0,0.5886524822695035,0.8201219512195121,0.0,0.5,0.5862068965517241,0.5358948432760364,0.9230769230769231,0.9285714285714286,0.711340206185567,0.5338753387533876,0.25,0.6812100058173357,0.6190476190476191,0.5333333333333333,0.7260479041916168,0.9252974608496545,0.4411764705882353,0.28805620608899296,0.7347570411637264,0.8177339901477833,0.45535714285714285,0.4087665647298675,0.2857142857142857,0.22246696035242292,0.5714285714285714,0.47368421052631576,2.788391826950418,1.5498254509184608,1.4987173777388316,5.836934655607711
Wisconsin,0.0,0.5416571035115906,0.0,0.4418604651162791,0.32075471698113206,0.5,0.6471631205673759,0.6859756097560976,0.0,0.3620689655172414,0.6206896551724138,0.6430738119312437,0.9230769230769231,0.47619047619047616,0.5876288659793815,0.5636856368563685,0.2,0.5378126817917394,0.47619047619047616,0.5777777777777777,0.6272455089820359,0.8640471030788731,0.47058823529411764,0.22716627634660422,0.6513463324048282,0.7832512315270936,0.5625,0.45871559633027525,0.5714285714285714,0.039647577092511016,0.5714285714285714,0.3684210526315789,2.1093230277880974,0.9224712595908845,1.5988384177914527,4.630632705170434
Wyoming,0.0,0.5193940784943769,0.2,0.32558139534883723,0.2830188679245283,0.625,0.6152482269503546,0.6341463414634146,0.3333333333333333,0.5172413793103449,0.5517241379310345,0.537917087967644,0.9230769230769231,0.5952380952380952,0.6804123711340206,0.4905149051490515,0.3,0.48196625945317045,0.5238095238095238,0.4666666666666667,0.6856287425149701,0.9087377846833218,0.29411764705882354,0.06791569086651054,0.6066233364283503,0.8916256157635468,0.5892857142857143,0.6065239551478083,0.35714285714285715,0.08149779735682819,0.35714285714285715,0.2894736842105263,2.131750280961154,1.3817580445917015,1.4166253549108152,4.930133680463671
