,rushingTDs_away,puntReturnYards_away,puntReturnTDs_away,puntReturns_away,passingTDs_away,kickReturnYards_away,kickReturnTDs_away,kickReturns_away,kickingPoints_away,interceptionYards_away,interceptionTDs_away,passesIntercepted_away,fumblesRecovered_away,totalFumbles_away,tacklesForLoss_away,defensiveTDs_away,tackles_away,sacks_away,qbHurries_away,passesDeflected_away,interceptions_away,fumblesLost_away,turnovers_away,totalPenaltiesYards_away,yardsPerRushAttempt_away,rushingAttempts_away,rushingYards_away,yardsPerPass_away,completionAttempts_away,netPassingYards_away,totalYards_away,fourthDownEff_away,thirdDownEff_away,firstDowns_away,rushingTDs,puntReturnYards,puntReturnTDs,puntReturns,passingTDs,kickReturnYards,kickReturnTDs,kickReturns,kickingPoints,interceptionYards,interceptionTDs,passesIntercepted,fumblesRecovered,totalFumbles,tacklesForLoss,defensiveTDs,tackles,sacks,qbHurries,passesDeflected,interceptions,fumblesLost,turnovers,totalPenaltiesYards,yardsPerRushAttempt,rushingAttempts,rushingYards,yardsPerPass,completionAttempts,netPassingYards,totalYards,fourthDownEff,thirdDownEff,firstDowns,home_win_proba,home_lose_proba,home_ml,away_ml,winner,home_team,away_team,actual
0,1.6,19.4,0.0,1.6,1.0,34.4,0.0,1.8,6.8,26.6,0.4,1.0,0.4,0.8,6.0,0.4,37.0,2.6,5.0,5.2,1.4,0.6,2.0,0.1037607545433632,4.960000000000001,37.8,195.2,5.12,0.624074074074074,115.4,310.6,0.5333333333333333,0.406060606060606,15.6,0.8,13.0,0.0,1.8,2.2,27.0,0.0,1.4,6.8,12.8,0.0,0.6,0.2,1.2,5.2,0.0,32.0,2.4,0.8,5.0,0.0,0.4,0.4,0.1095237515280452,5.459999999999999,32.4,173.2,9.12,0.7504512825633516,296.2,469.4,0.3,0.3837606837606838,22.8,53.23460402357551,46.76539597642449,-120.0,105.0,Washington,Washington,Michigan,
0,1.2,26.4,0.0,3.2,2.4,29.0,0.0,1.6,7.2,3.4,0.0,0.8,1.0,1.0,10.4,0.0,35.6,3.4,5.6,4.6,0.8,0.4,1.2,0.0889903846153846,3.4200000000000004,34.2,121.0,7.220000000000001,0.6068011855905153,246.4,367.4,0.3,0.2919047619047619,18.8,3.0,17.0,0.0,2.5,1.25,22.75,0.0,1.5,6.5,0.0,0.0,0.0,0.25,1.0,6.0,0.0,33.5,1.25,1.5,2.25,0.0,0.25,0.25,0.1374343741365017,4.55,32.75,147.5,9.4,0.7015224358974359,276.5,424.0,0.525,0.4243055555555555,21.25,87.65172440997789,12.348275590022116,-350.0,280.0,Georgia Tech,Georgia Tech,Duke,
0,2.0,11.5,0.0,1.5,2.25,50.75,0.0,1.5,10.0,15.5,0.25,0.5,0.0,0.25,3.25,0.25,36.0,0.0,1.75,0.75,0.75,0.0,0.75,0.1768741633199464,6.125,30.75,190.25,8.675,0.7012985048828969,263.75,454.0,0.3333333333333333,0.4924242424242424,22.75,1.0,3.25,0.0,1.25,1.0,39.25,0.0,2.25,3.0,18.0,0.25,0.75,0.5,1.75,6.0,0.25,37.75,2.25,2.5,2.25,1.75,1.5,3.25,0.1430913978494623,2.9,25.5,82.75,7.825,0.5851326904799782,223.25,306.0,0.4166666666666666,0.2573863636363636,14.75,1.2703357861510792e-05,99.99998729664212,460.0,-675.0,Louisiana,Southern Miss,Louisiana,
0,2.75,11.5,0.0,0.75,1.0,23.75,0.0,1.5,12.0,15.5,0.25,1.0,0.25,0.75,5.5,0.25,24.0,2.0,2.5,4.25,0.25,0.25,0.5,0.1157280219780219,5.2,40.25,209.0,7.125,0.7096156260790406,263.25,472.25,0.375,0.5515241724220052,25.5,1.6,4.8,0.0,0.8,1.6,15.0,0.0,1.0,8.6,15.2,0.2,1.4,0.4,0.2,6.4,0.2,32.0,1.4,4.0,3.2,0.4,0.2,0.6,0.1127266015638108,5.500000000000001,42.0,232.2,7.0,0.5477565922920892,162.0,394.2,0.5,0.4050000000000001,22.2,1.1044951970459405,98.89550480295406,-145.0,125.0,Missouri,Texas A&M,Missouri,
0,2.1666666666666665,9.833333333333334,0.0,1.6666666666666667,1.6666666666666667,22.33333333333333,0.0,1.1666666666666667,7.833333333333333,14.666666666666666,0.1666666666666666,1.1666666666666667,0.6666666666666666,1.1666666666666667,5.0,0.1666666666666666,44.66666666666666,1.5,3.5,2.833333333333333,0.8333333333333334,0.5,1.3333333333333333,0.1169973544973545,4.733333333333333,46.833333333333336,230.3333333333333,6.816666666666667,0.5923095526313336,172.33333333333334,402.6666666666667,0.75,0.4257855706385118,21.5,0.4,12.6,0.0,1.0,1.4,40.2,0.0,2.4,3.8,0.0,0.0,0.2,0.8,1.6,6.2,0.2,38.0,2.4,1.2,2.2,1.4,0.4,1.8,0.1048572524206691,2.8600000000000003,29.6,88.4,6.94,0.6189705830122831,234.4,322.8,0.2666666666666666,0.3010434173669468,15.4,0.0002075651118593,99.99979243488814,290.0,-360.0,Sam Houston,UTEP,Sam Houston,
0,0.25,4.0,0.0,0.75,0.75,36.25,0.0,2.0,6.0,0.0,0.0,0.0,1.25,0.5,3.0,0.0,32.0,1.0,1.75,2.75,1.5,0.0,1.5,0.1596153846153846,2.9000000000000004,27.0,86.0,6.425,0.5661272811272812,220.75,306.75,0.0,0.2583562271062271,17.0,1.75,46.0,0.0,3.0,3.0,54.75,0.25,1.75,7.25,4.5,0.0,1.25,1.0,1.25,7.5,0.25,33.25,3.0,1.75,4.5,0.5,0.75,1.25,0.1269047619047619,3.725,37.0,136.0,8.299999999999999,0.6112530585356672,234.75,370.75,0.5833333333333334,0.4610042735042735,20.5,99.99999933048257,6.69517441487244e-07,-230.0,195.0,Toledo,Toledo,Miami (OH),
0,2.8,39.2,0.2,1.4,2.2,13.6,0.0,1.0,8.2,38.8,0.2,1.2,0.6,1.0,4.4,0.4,31.0,0.8,2.8,3.4,0.0,0.4,0.4,0.1273250517598343,6.139999999999999,33.6,211.2,8.44,0.6550081768126881,258.0,469.2,0.6,0.4329004329004329,22.2,1.0,35.0,0.25,2.0,1.5,46.5,0.0,2.5,4.75,21.25,0.0,1.5,0.0,1.75,4.75,0.25,31.25,1.25,4.25,1.75,1.25,1.0,2.25,0.1018682968682968,2.8,35.75,103.0,6.199999999999999,0.5372754341518795,228.0,331.0,0.375,0.4309061681352703,19.25,3.908534780516777e-05,99.9999609146522,130.0,-150.0,South Alabama,Arkansas State,South Alabama,
0,1.2,21.4,0.2,2.6,3.2,43.0,0.0,1.6,5.8,10.4,0.0,0.8,0.0,1.8,6.2,0.2,42.0,2.0,4.8,4.0,1.8,1.2,3.0,0.1061084832645773,5.880000000000001,31.4,171.2,9.98,0.6085800773300774,294.8,466.0,0.3666666666666666,0.4702741702741702,20.6,1.5,21.5,0.0,2.5,2.5,17.25,0.0,0.75,7.75,0.0,0.0,0.5,0.5,1.25,7.0,0.0,36.0,2.0,1.5,2.25,0.75,0.25,1.0,0.1079411764705882,4.925,26.75,129.25,8.225,0.6546816134316135,302.25,431.5,0.375,0.3481740481740482,20.75,16.11621391236341,83.8837860876366,-1600.0,900.0,Auburn,Georgia,Auburn,
0,1.2,8.8,0.0,2.0,1.0,40.8,0.0,2.4,5.8,0.0,0.0,0.4,0.4,0.4,3.6,0.0,24.8,0.8,1.4,4.2,0.6,0.0,0.6,0.1122629947372215,3.1800000000000006,42.6,136.6,6.82,0.5750365726227795,203.4,340.0,0.6666666666666666,0.3971451536080019,20.0,1.5,9.5,0.0,1.75,1.75,10.25,0.0,0.75,7.25,8.25,0.0,0.5,0.25,2.25,6.5,0.0,32.0,2.0,1.5,2.75,0.75,1.0,1.75,0.1009415584415584,4.6000000000000005,43.0,196.75,8.375,0.5776864474739375,236.25,433.0,0.625,0.5177139037433155,22.5,99.36656678202976,0.6334332179702362,-650.0,475.0,Northern Illinois,Northern Illinois,Massachusetts,
0,1.8,14.4,0.0,2.2,3.0,47.2,0.0,2.2,6.8,4.6,0.0,0.4,0.8,1.8,8.8,0.2,37.6,3.8,5.8,3.0,1.0,1.0,2.0,0.1174230308212001,4.62,36.2,170.6,8.279999999999998,0.6918004983522226,285.6,456.2,0.3999999999999999,0.4542575071986837,25.6,0.8333333333333334,19.166666666666668,0.1666666666666666,0.6666666666666666,1.5,25.33333333333333,0.0,1.5,5.666666666666667,0.0,0.0,0.5,0.1666666666666666,1.3333333333333333,5.333333333333333,0.1666666666666666,30.666666666666668,1.0,1.8333333333333333,2.333333333333333,0.1666666666666666,0.5,0.6666666666666666,0.1089924186838118,3.733333333333333,33.333333333333336,132.0,7.899999999999999,0.6324198717948718,202.3333333333333,334.3333333333333,0.4166666666666667,0.477743783993784,18.33333333333333,0.0014897608353047,99.9985102391647,475.0,-650.0,Texas State,Troy,Texas State,
0,2.25,30.0,0.25,3.0,2.0,26.25,0.0,1.5,11.5,61.5,0.5,2.25,1.25,1.25,5.5,1.25,25.5,1.5,5.75,3.5,0.25,1.25,1.5,0.1101114494913497,5.15,44.75,237.5,8.0,0.6500921688278668,190.25,427.75,0.7083333333333334,0.4867559523809524,23.0,2.0,20.0,0.0,3.0,2.75,17.5,0.0,1.5,8.5,7.25,0.0,0.5,1.0,0.75,7.75,0.5,34.75,2.5,3.0,0.5,0.25,0.25,0.5,0.1184575569358178,6.1,31.0,189.25,9.9,0.6802092210440017,297.0,486.25,0.55,0.4315736551030669,21.25,5.385601278152138,94.61439872184786,-250.0,210.0,SMU,Louisville,SMU,
0,2.0,3.75,0.0,1.75,2.0,17.75,0.0,0.75,8.75,15.0,0.25,0.75,0.75,1.75,4.75,0.25,33.5,1.25,0.75,3.0,0.5,1.0,1.5,0.1469309049615653,4.875,28.75,145.5,7.475,0.6656113195747342,316.0,461.5,0.5,0.487203302373581,24.5,1.6,28.0,0.0,2.0,1.4,32.2,0.0,1.8,6.8,25.6,0.2,1.6,0.2,0.6,4.8,0.2,28.2,1.8,3.6,3.6,0.8,0.4,1.2,0.1442167823651199,3.38,29.8,101.2,7.18,0.6540011895894249,226.0,327.2,1.0,0.4141991341991342,19.2,0.9882795420773876,99.01172045792262,260.0,-320.0,USC,Minnesota,USC,
0,2.2,4.4,0.0,0.6,1.2,42.6,0.0,2.6,6.4,14.0,0.2,1.0,0.4,0.8,6.2,0.2,41.0,2.0,2.8,3.6,1.6,0.6,2.2,0.1012008281573499,5.860000000000001,38.2,226.4,6.6,0.5540686274509804,171.2,397.6,0.5,0.4938310708898944,21.2,2.5,9.5,0.0,1.0,0.75,10.75,0.0,1.0,8.75,11.75,0.25,0.75,0.5,0.25,5.25,0.75,30.5,2.0,4.75,4.25,0.5,0.0,0.5,0.1476129582267689,4.25,43.75,198.75,7.699999999999999,0.5871610845295056,213.75,412.5,0.625,0.415327380952381,23.75,95.98673764545607,4.013262354543912,-135.0,115.0,Arizona State,Arizona State,Kansas,
0,0.25,2.75,0.0,0.25,0.75,24.0,0.0,1.25,7.25,24.0,0.25,0.75,0.25,1.0,5.5,0.25,44.75,1.25,1.75,4.5,1.5,0.5,2.0,0.102936439346323,2.475,23.0,57.0,6.525,0.5694444444444444,205.0,262.0,0.625,0.2685897435897436,15.75,2.25,6.75,0.0,1.25,2.75,20.25,0.0,1.25,6.25,5.0,0.0,1.0,0.75,0.75,6.75,0.0,30.25,2.75,2.5,4.25,0.5,0.25,0.75,0.1070922498554077,5.85,43.0,251.5,10.725,0.7012864823348695,245.75,497.25,0.5,0.5055555555555555,26.5,99.99999489397015,5.106029832280257e-06,-5000.0,2000.0,Penn State,Penn State,UCLA,
0,4.0,2.0,0.0,1.0,1.0,10.75,0.0,0.75,5.75,2.5,0.0,1.5,0.0,1.25,3.75,0.0,21.75,1.75,2.0,1.5,0.0,0.25,0.25,0.149047619047619,6.525,56.75,371.25,9.4,0.4989697802197802,73.25,444.5,0.7916666666666666,0.5849747474747474,22.75,1.4,25.0,0.2,2.2,1.6,43.0,0.2,1.6,7.4,2.0,0.0,0.6,0.6,0.6,7.8,0.4,29.0,1.8,1.2,2.2,0.8,0.4,1.2,0.1143434343434343,5.0,36.4,187.2,6.76,0.5906232878646672,229.6,416.8,0.2333333333333333,0.4078846153846154,21.8,0.1678992914947809,99.83210070850522,450.0,-600.0,Army,Tulsa,Army,
0,1.25,15.75,0.0,1.25,1.75,30.25,0.0,1.25,3.75,0.0,0.0,0.0,0.0,1.0,5.75,0.0,38.0,2.25,2.5,1.75,1.0,0.5,1.5,0.0904322638146167,5.0,29.0,150.25,6.275,0.6118102240896359,172.25,322.5,0.25,0.3388888888888889,14.25,1.75,2.75,0.0,1.0,0.75,74.0,0.0,3.0,6.0,0.0,0.0,0.5,0.75,2.25,4.0,0.0,35.5,1.75,1.5,3.0,0.25,1.25,1.5,0.1992916579987518,4.075,38.25,155.5,6.15,0.5734020310633214,181.75,337.25,0.6875,0.3848214285714285,20.0,30.421804945445253,69.57819505455475,-450.0,360.0,Purdue,Wisconsin,Purdue,
0,0.2,11.4,0.0,1.2,2.0,62.2,0.0,3.4,4.6,0.0,0.0,0.2,0.0,1.6,2.8,0.0,40.0,1.2,0.8,2.6,1.2,1.2,2.4,0.1382228939006432,2.38,30.8,83.0,7.2,0.6150273752012883,217.0,300.0,0.2333333333333333,0.4160622710622711,15.2,2.2,40.2,0.0,4.0,2.4,34.0,0.0,1.4,8.4,18.4,0.2,0.6,0.0,1.0,5.8,0.2,33.4,1.8,4.6,3.4,0.6,0.6,1.2,0.1052008281573499,5.340000000000001,43.8,244.6,8.2,0.5608767576509511,220.8,465.4,0.2666666666666666,0.4114973262032085,22.8,99.99996091493011,3.908506986949334e-05,-1000.0,700.0,UConn,UConn,Temple,
0,1.0,10.75,0.0,1.0,1.75,30.5,0.0,1.5,4.5,3.75,0.0,0.5,0.25,1.0,5.0,0.0,37.0,1.0,3.0,2.5,1.75,0.0,1.75,0.1185811584249084,5.7250000000000005,31.0,179.0,6.75,0.5887987012987013,246.0,425.0,0.275,0.2692526223776224,18.25,4.75,12.5,0.0,2.25,1.75,28.25,0.0,1.5,8.25,0.0,0.0,0.25,0.75,1.0,8.5,0.0,42.75,5.0,1.0,2.5,0.5,0.25,0.75,0.1255555555555555,8.5,35.5,302.5,7.75,0.6050979262672811,219.75,522.25,0.25,0.5888755980861244,22.5,99.9999994726214,5.273785852466517e-07,-3000.0,1300.0,Boise State,Boise State,Utah State,
0,4.0,10.0,0.0,0.75,2.0,36.5,0.0,1.5,7.0,21.75,0.25,1.25,0.75,0.25,6.0,0.25,41.0,2.25,4.5,3.0,0.5,0.0,0.5,0.1290556560803643,6.425000000000001,46.0,287.5,14.15,0.6535847193741932,178.75,466.25,0.625,0.4619626696832579,20.0,1.5,9.25,0.0,1.0,0.0,0.0,0.0,0.0,3.5,10.25,0.0,0.25,1.5,1.5,4.75,0.0,36.5,1.0,1.75,1.75,0.75,0.5,1.25,0.1048878205128205,3.5,50.75,176.75,4.925000000000001,0.3725274725274725,66.25,243.0,0.4333333333333333,0.3213848039215686,14.0,1.932510352750573e-09,99.9999999980675,300.0,-380.0,Navy,Air Force,Navy,
0,1.1666666666666667,6.333333333333333,0.0,1.1666666666666667,0.8333333333333334,14.666666666666666,0.0,1.0,6.5,32.166666666666664,0.1666666666666666,1.1666666666666667,0.1666666666666666,1.3333333333333333,6.5,0.1666666666666666,36.66666666666666,2.6666666666666665,2.333333333333333,1.3333333333333333,1.5,0.8333333333333334,2.333333333333333,0.1067953000626866,3.7166666666666655,31.5,121.66666666666669,7.833333333333333,0.5882064869995904,229.66666666666663,351.3333333333333,0.4166666666666667,0.4000296000296,18.83333333333333,1.8,26.8,0.2,2.4,2.2,34.4,0.0,0.8,7.8,0.0,0.0,0.8,0.2,1.2,5.3,0.4,23.6,3.1,2.6,5.0,0.6,0.6,1.2,0.1207188821474535,4.720000000000001,35.4,164.6,8.98,0.7769474011826953,294.2,458.8,0.2666666666666666,0.5075000000000001,25.0,99.99725545705728,0.0027445429427008,-2000.0,1100.0,Oregon,Oregon,Michigan State,
0,2.25,12.5,0.0,1.5,1.75,26.5,0.0,1.5,7.25,4.0,0.0,0.25,1.0,2.0,6.75,0.0,34.75,2.25,2.75,2.25,1.25,0.75,2.0,0.1420284938941655,5.175,36.5,181.75,7.975,0.5799513704686119,228.5,410.25,0.875,0.3012820512820512,23.75,1.2,6.8,0.0,1.6,2.4,51.4,0.0,2.6,9.0,25.4,0.2,1.2,0.6,0.0,6.6,0.2,40.8,1.8,4.8,4.6,1.2,0.0,1.2,0.1121296296296296,3.44,28.6,99.6,7.699999999999998,0.5935122034827918,325.0,424.6,0.4333333333333333,0.3721358543417367,20.8,64.41853461701375,35.58146538298625,-140.0,120.0,Oklahoma State,Oklahoma State,West Virginia,
0,3.4,19.8,0.0,2.0,2.8,13.0,0.0,0.8,10.2,1.0,0.0,0.8,0.6,1.0,10.6,0.0,37.4,3.6,6.2,4.8,0.4,0.4,0.8,0.1029260782984715,5.6,37.8,216.8,11.44,0.7287508864738466,390.4,607.2,0.6,0.4698412698412698,28.8,2.75,23.0,0.0,2.5,1.25,21.75,0.0,1.25,8.25,15.75,0.25,1.5,0.75,2.0,7.0,0.25,41.75,3.5,3.25,3.0,0.5,1.0,1.5,0.1178729806778587,4.175,46.0,194.0,8.35,0.609621578099839,177.75,371.75,0.45,0.2962301587301587,19.0,0.0030239828616726,99.99697601713832,300.0,-380.0,Ole Miss,South Carolina,Ole Miss,
0,2.0,-1.8,0.0,0.6,2.0,64.0,0.2,2.4,8.0,33.4,0.6,0.8,0.6,0.6,5.2,0.8,39.0,2.4,0.2,1.6,0.4,0.4,0.8,0.1133147408147408,4.76,40.4,195.6,9.96,0.66951390614853,231.8,427.4,0.4,0.5554945054945055,22.0,0.75,27.0,0.25,1.0,1.5,64.75,0.0,4.0,7.5,9.25,0.0,0.5,0.25,2.25,3.75,0.25,30.0,2.0,3.0,2.75,1.25,1.0,2.25,0.1170510861519693,4.050000000000001,41.5,176.5,7.1,0.6903409090909091,204.75,381.25,0.5625,0.4062937062937063,23.25,0.001193207335419,99.99880679266458,750.0,-1200.0,Tulane,UAB,Tulane,
0,2.0,11.25,0.0,1.0,1.25,33.75,0.0,1.75,3.5,0.0,0.0,0.5,0.0,0.75,5.75,0.0,30.25,1.25,1.25,3.25,1.0,0.25,1.25,0.0918661668986037,5.225,37.75,205.75,7.574999999999999,0.736525974025974,194.5,400.25,0.375,0.5909188034188034,19.75,1.25,11.75,0.0,1.25,3.5,33.25,0.0,1.75,6.5,13.75,0.0,2.0,1.0,2.75,7.75,0.0,39.5,1.75,3.25,3.75,1.0,1.5,2.5,0.1170719351570415,2.875,27.75,72.75,8.3,0.6074915824915825,329.0,401.75,0.2916666666666666,0.3950580669330669,20.5,99.90908774599686,0.0909122540031504,-280.0,230.0,San José State,San José State,Nevada,
0,1.6,5.8,0.0,1.4,3.0,67.8,0.0,2.8,11.2,19.4,0.4,1.2,0.4,0.8,5.2,0.4,40.2,0.8,3.0,1.6,0.6,0.6,1.2,0.128472000493277,5.4,33.6,181.6,7.6800000000000015,0.6408256719615746,305.4,487.0,0.3066666666666666,0.5247117794486216,24.2,1.5,13.0,0.0,2.25,1.75,73.5,0.0,3.25,8.25,3.0,0.0,0.5,0.25,0.75,6.0,0.0,32.5,2.25,1.75,4.5,1.0,0.25,1.25,0.1149354805933753,5.95,25.0,154.5,8.275,0.6342904407420537,265.0,419.5,0.3125,0.3328754578754578,18.25,0.0074447974947686,99.99255520250524,-240.0,200.0,Texas Tech,Arizona,Texas Tech,
0,1.4,38.8,0.0,2.0,1.8,48.6,0.2,1.8,7.4,14.4,0.2,0.8,0.8,1.6,5.4,0.4,41.8,2.4,1.4,2.8,0.8,0.8,1.6,0.1137121783455333,3.78,38.0,146.2,7.9,0.5815476190476191,222.6,368.8,0.5142857142857142,0.3918401206636501,18.4,1.75,18.25,0.0,1.25,1.75,4.5,0.0,0.25,7.25,18.25,0.0,1.75,0.75,0.5,6.5,0.0,36.75,2.0,2.0,2.0,0.75,0.0,0.75,0.1527777777777778,4.575,34.0,163.0,8.425,0.6683791208791209,236.25,399.25,0.25,0.4294308632543926,19.25,36.05404043112212,63.94595956887788,-425.0,340.0,Baylor,Iowa State,Baylor,
0,1.4,25.8,0.0,2.0,1.4,53.4,0.0,2.2,7.4,24.8,0.4,1.4,1.0,2.6,10.0,0.4,34.2,1.6,2.4,3.6,2.2,1.0,3.2,0.1413819875776397,3.28,36.8,120.6,7.760000000000001,0.6017376775271511,273.0,393.6,0.1,0.449539627039627,21.8,0.6,3.6,0.0,1.4,1.6,57.0,0.0,2.8,4.2,8.2,0.0,1.0,0.2,1.4,5.2,0.0,29.8,1.0,2.4,3.8,0.8,0.8,1.6,0.1228200557612322,2.64,28.8,79.4,7.139999999999999,0.5834800418531134,238.8,318.2,0.38,0.2869709238130291,16.0,0.093313421839773,99.90668657816023,270.0,-340.0,East Carolina,Charlotte,East Carolina,
0,3.75,61.25,0.25,3.5,2.25,16.75,0.0,0.75,14.0,25.5,0.25,0.5,1.25,0.75,8.0,0.5,30.5,1.75,4.25,4.25,0.75,0.5,1.25,0.1074821068723507,5.875,49.25,290.0,9.8,0.6761749482401657,275.75,565.75,0.6875,0.5039473684210527,25.75,3.6,6.8,0.0,0.6,1.0,14.6,0.0,0.8,8.2,10.8,0.0,1.2,0.2,1.8,5.2,0.0,32.4,2.0,2.0,4.4,1.0,0.8,1.8,0.12984651498736,5.4,40.6,212.0,7.68,0.5469196218931108,283.0,495.0,0.4333333333333333,0.5938596491228071,27.8,9.1413092589644e-05,99.9999085869074,400.0,-575.0,Tennessee,Arkansas,Tennessee,
0,1.8,11.6,0.0,1.8,2.2,10.4,0.0,0.6,4.6,22.2,0.2,1.6,0.4,1.4,3.8,0.2,29.6,1.2,2.6,3.0,0.6,0.6,1.2,0.1277060041407867,4.16,39.8,178.2,9.88,0.6522664835164835,184.0,362.2,0.6,0.4712820512820513,18.4,1.75,5.75,0.0,0.75,1.75,43.0,0.0,1.75,9.25,0.0,0.0,0.25,0.75,0.5,5.25,0.0,35.0,2.25,4.25,3.75,1.25,0.5,1.75,0.114047619047619,4.675,38.25,195.0,8.125,0.660257373730579,260.5,455.5,0.5,0.2967532467532467,21.5,40.021621695080064,59.978378304919936,-145.0,125.0,Boston College,Virginia,Boston College,
0,2.0,40.25,0.5,1.75,3.5,68.0,0.0,3.5,11.0,7.25,0.25,1.25,0.75,0.25,7.75,0.75,32.5,2.5,5.25,3.75,0.5,0.25,0.75,0.1037087912087912,6.55,30.0,192.5,9.05,0.6663690476190476,329.5,522.0,0.5,0.4016729797979798,26.75,2.4,18.8,0.2,1.4,1.6,49.2,0.0,2.4,8.8,0.0,0.0,0.2,0.8,1.0,4.6,0.2,28.0,2.4,1.2,3.6,1.0,0.6,1.6,0.1160802137037061,5.2,39.6,208.6,7.139999999999999,0.5872121631491946,247.0,455.6,0.4,0.409090909090909,24.2,0.0013139652540247,99.99868603474596,115.0,-135.0,Pittsburgh,North Carolina,Pittsburgh,
0,0.8333333333333334,13.666666666666666,0.1666666666666666,1.5,0.6666666666666666,35.166666666666664,0.0,1.8333333333333333,3.6666666666666665,9.666666666666666,0.0,0.8333333333333334,0.5,1.8333333333333333,4.833333333333333,0.1666666666666666,27.166666666666668,1.3333333333333333,2.0,2.5,1.0,0.6666666666666666,1.6666666666666667,0.1035660194667547,4.0,34.833333333333336,144.16666666666666,6.366666666666667,0.6731777360066834,154.83333333333334,299.0,0.3611111111111111,0.2706501831501831,15.0,1.6666666666666667,35.5,0.1666666666666666,2.333333333333333,2.833333333333333,35.666666666666664,0.0,2.1666666666666665,7.333333333333333,3.333333333333333,0.0,0.5,0.1666666666666666,2.0,3.5,0.1666666666666666,28.5,1.1666666666666667,2.5,3.0,1.0,1.3333333333333333,2.333333333333333,0.0898480531813865,3.25,29.166666666666668,95.5,8.466666666666667,0.6965559078356454,342.8333333333333,438.3333333333333,0.5694444444444444,0.4696969696969696,23.666666666666668,99.99994732805987,5.267194010949439e-05,-800.0,550.0,TCU,TCU,Houston,
0,2.0,7.75,0.0,1.75,1.0,46.0,0.0,2.75,5.25,0.0,0.0,0.0,0.5,1.0,6.0,0.0,40.75,2.0,2.75,3.75,0.5,0.5,1.0,0.2077777777777777,4.525,36.75,178.0,8.05,0.6068387881468377,160.75,338.75,0.2916666666666666,0.3214285714285714,17.5,0.75,4.75,0.0,1.5,2.0,20.25,0.0,1.0,4.25,1.0,0.0,0.25,0.5,1.5,5.0,0.0,32.0,1.25,2.5,2.75,1.25,0.0,1.25,0.1438811188811189,2.725,32.5,100.75,5.449999999999999,0.6589279689608637,207.25,308.0,0.35,0.3714364035087719,20.0,6.4107720091216,93.5892279908784,300.0,-380.0,Western Michigan,Ball State,Western Michigan,
0,2.75,24.75,0.0,3.5,1.0,36.25,0.0,1.25,8.0,12.0,0.25,1.25,0.5,0.5,4.5,0.25,30.0,2.5,2.0,4.5,0.5,0.0,0.5,0.0814285714285714,5.925,42.0,250.25,5.55,0.6344939796655154,147.5,397.75,0.0,0.456184012066365,20.75,3.75,26.5,0.0,3.25,2.5,5.75,0.0,0.5,8.25,15.0,0.25,0.75,0.75,1.25,7.25,0.5,30.75,3.25,1.25,3.25,0.5,0.0,0.5,0.1128991060025542,6.625,34.5,227.0,9.625,0.6701321527934431,307.75,534.75,0.6875,0.4783613445378151,25.0,99.99844027151092,0.0015597284890866,-1600.0,900.0,Ohio State,Ohio State,Iowa,
0,2.25,12.75,0.0,2.5,1.25,65.75,0.25,2.25,6.25,0.75,0.0,0.25,0.25,0.75,4.5,0.25,32.0,3.0,1.75,2.5,1.0,0.0,1.0,0.111236802413273,5.174999999999999,28.75,152.75,7.25,0.6527981786133961,244.25,397.0,0.625,0.4513888888888889,20.5,0.2,1.6,0.0,0.8,1.4,20.6,0.0,1.2,4.6,0.2,0.0,0.4,0.8,0.8,3.8,0.0,35.6,1.4,1.6,3.6,1.4,0.4,1.8,0.1142033576179917,2.08,26.2,55.0,5.26,0.5942017268877523,191.8,246.8,0.3333333333333333,0.2761538461538461,14.6,0.0008519846372195,99.99914801536278,500.0,-700.0,Bowling Green,Akron,Bowling Green,
0,1.2,18.0,0.0,1.8,3.4,31.4,0.0,1.6,7.0,8.4,0.2,1.0,0.0,0.4,6.4,0.2,33.6,2.2,2.6,3.2,1.2,0.0,1.2,0.1158310601927623,3.58,29.6,110.6,7.74,0.6428935375079756,369.0,479.6,0.6333333333333333,0.5426747109100051,27.2,2.2,31.2,0.4,1.8,2.4,31.2,0.2,1.4,12.0,33.8,0.2,2.0,0.2,0.8,6.4,0.8,33.8,2.4,1.6,3.4,0.4,0.2,0.6,0.1066901208244492,5.619999999999999,43.6,252.6,8.84,0.610483660130719,163.0,415.6,0.4,0.3541758241758242,22.0,99.94159642078748,0.058403579212507,-210.0,175.0,UNLV,UNLV,Syracuse,
0,1.0,29.33333333333333,0.3333333333333333,2.0,2.333333333333333,40.0,0.0,2.333333333333333,5.333333333333333,1.6666666666666667,0.0,0.3333333333333333,1.0,0.6666666666666666,7.333333333333333,0.3333333333333333,42.0,2.333333333333333,2.0,3.6666666666666665,1.0,0.0,1.0,0.1040846994535519,4.633333333333334,23.666666666666668,111.0,6.866666666666667,0.6060606060606061,278.0,389.0,0.25,0.398046398046398,21.0,0.75,1.5,0.0,1.75,1.25,14.0,0.0,1.5,3.5,33.25,0.25,0.75,0.75,0.5,6.25,0.5,45.25,3.25,2.75,2.25,0.5,0.25,0.75,0.1108734153616703,3.75,36.25,138.5,6.8,0.550090579710145,183.25,321.75,0.25,0.3364583333333333,16.75,0.1699737605083462,99.83002623949166,-130.0,110.0,Hawai'i,San Diego State,Hawai'i,
0,1.5,32.25,0.25,1.25,0.5,28.0,0.0,1.5,5.0,0.0,0.0,0.5,0.25,1.0,6.0,0.25,34.5,1.25,2.5,5.75,1.25,0.75,2.0,0.1223100303951367,4.825,36.5,179.75,5.35,0.5989947552447552,148.75,328.5,0.3333333333333333,0.3345238095238095,15.75,3.0,4.75,0.0,1.0,0.5,24.0,0.0,1.5,5.25,14.75,0.25,0.75,0.5,1.25,3.25,0.25,26.0,0.75,4.5,3.75,0.0,0.25,0.25,0.0992551804488335,5.225,49.5,267.75,7.075,0.657010582010582,153.25,421.0,0.4583333333333332,0.5191786283891547,24.0,99.94111398136862,0.0588860186313877,-425.0,340.0,Oregon State,Oregon State,Colorado State,
0,2.0,23.75,0.25,1.25,1.25,36.0,0.0,1.75,8.75,8.0,0.0,0.75,0.25,0.75,3.75,0.25,38.0,1.25,4.25,1.75,0.5,0.5,1.0,0.1160714285714285,4.2,35.25,149.5,7.975,0.6666989664082688,310.5,460.0,0.75,0.455093925682161,25.0,1.6,9.4,0.0,0.6,1.2,19.0,0.0,1.0,7.0,29.4,0.4,1.0,0.8,1.8,5.4,0.6,31.0,1.6,5.0,4.2,0.8,0.8,1.6,0.1156457559312848,3.82,32.2,128.0,6.5600000000000005,0.6587292277614858,199.4,327.4,0.3666666666666666,0.3235664335664335,18.6,8.769929392637595,91.2300706073624,-195.0,165.0,Wake Forest,NC State,Wake Forest,
0,4.0,21.5,0.0,2.5,2.5,26.5,0.0,1.25,7.0,29.5,0.0,1.25,0.75,1.75,6.0,0.0,37.0,2.5,4.0,7.5,0.25,1.0,1.25,0.1095221280602636,5.625,38.75,221.75,10.975,0.706876456876457,265.0,486.75,0.375,0.461038961038961,21.0,2.25,42.5,0.25,2.0,1.75,20.75,0.0,1.0,9.5,15.75,0.25,1.0,0.0,1.75,6.75,0.5,37.0,2.25,1.25,3.5,0.0,0.25,0.25,0.0960528876563032,4.324999999999999,39.25,169.75,8.725,0.672466120835686,184.5,354.25,0.375,0.4409798534798534,19.0,0.1256099025109645,99.87439009748904,1100.0,-2000.0,Alabama,Vanderbilt,Alabama,
0,1.5,5.25,0.0,1.0,1.0,24.5,0.0,2.0,5.0,21.75,0.0,1.5,0.25,1.75,8.5,0.0,40.0,2.0,3.5,2.25,1.0,1.0,2.0,0.1190932260011207,4.25,37.5,158.75,4.925,0.5100496338886432,145.75,304.5,0.75,0.3415865384615384,15.25,2.25,15.75,0.0,1.5,1.5,40.25,0.0,2.0,9.75,12.25,0.25,0.75,0.75,0.5,4.0,0.75,33.75,2.5,2.0,2.5,0.5,0.5,1.0,0.131590354090354,4.775,42.25,209.75,8.475000000000001,0.5584373959373959,210.5,420.25,0.3125,0.3531468531468532,20.25,99.99910914532578,0.0008908546742292,-195.0,165.0,Coastal Carolina,Coastal Carolina,Old Dominion,
0,3.4,3.6,0.0,1.0,1.0,8.6,0.0,0.4,8.4,8.2,0.2,1.6,0.8,1.2,6.0,0.2,33.4,1.4,3.2,2.8,0.8,0.4,1.2,0.1178012451927292,5.08,39.0,209.8,9.2,0.6693087457205105,226.8,436.6,0.5333333333333333,0.3290909090909091,22.4,0.6,3.0,0.0,0.6,0.4,96.0,0.2,3.8,6.2,9.6,0.2,0.2,1.0,1.6,4.4,0.4,26.8,1.2,2.2,2.2,1.4,0.6,2.0,0.1207961823751297,2.4000000000000004,37.2,90.2,5.779999999999999,0.5043351648351648,130.6,220.8,0.3333333333333333,0.385702614379085,12.2,1.2902915942507285e-05,99.99998709708406,550.0,-800.0,Jacksonville State,Kennesaw State,Jacksonville State,
0,2.2,35.4,0.2,1.8,1.2,39.0,0.0,1.8,8.0,22.0,0.0,0.8,0.6,1.2,6.0,0.2,30.2,3.0,2.6,4.2,0.8,0.4,1.2,0.1271682502402049,5.1,38.2,192.2,6.62,0.5920730685436568,190.6,382.8,0.3,0.4566269841269841,20.0,0.5,27.25,0.25,2.0,2.0,9.5,0.0,0.5,9.0,21.0,0.25,1.0,0.5,1.25,6.25,0.5,34.5,1.75,2.75,2.25,1.5,0.25,1.75,0.1283699059561128,4.45,36.25,162.25,6.125,0.6133528265107212,196.5,358.75,0.5166666666666666,0.3755602240896358,19.75,8.08229150478456,91.91770849521544,250.0,-300.0,Virginia Tech,Stanford,Virginia Tech,
0,2.75,9.75,0.0,0.75,1.75,9.5,0.0,0.5,6.0,19.0,0.25,0.75,0.5,0.25,3.5,0.25,25.5,1.0,5.5,2.75,0.25,0.25,0.5,0.132258064516129,5.549999999999999,43.75,237.75,7.925000000000001,0.6142572463768117,190.25,428.0,0.0833333333333333,0.5259803921568628,23.75,1.8,10.4,0.0,1.8,1.8,28.8,0.0,1.4,6.4,13.8,0.4,1.0,0.6,0.8,6.6,0.4,33.2,3.0,3.6,3.0,0.4,0.2,0.6,0.1018107926020907,4.42,33.6,145.0,8.56,0.7062881562881563,258.2,403.2,0.2,0.4253641456582633,23.8,6.983399933242115,93.01660006675787,-270.0,220.0,Rutgers,Nebraska,Rutgers,
0,1.25,0.0,0.0,0.25,1.5,61.5,0.0,3.25,6.25,5.25,0.0,0.25,0.75,1.0,4.25,0.0,30.75,2.0,2.75,0.5,1.25,0.75,2.0,0.100969463569862,4.375,30.75,130.75,7.45,0.5588917065259222,307.5,438.25,0.125,0.3763736263736263,23.75,0.75,25.0,0.0,2.5,2.5,37.0,0.0,1.75,5.5,0.0,0.0,0.5,0.25,0.75,5.5,0.0,25.75,2.25,4.5,3.75,0.25,0.25,0.5,0.1126678876678876,5.5,36.0,193.5,6.225,0.5710069444444444,184.25,377.75,0.4583333333333333,0.3942736185383244,19.25,93.0928682474363,6.9071317525637,-150.0,130.0,Marshall,Marshall,App State,
0,3.5,35.5,0.0,3.0,1.75,56.0,0.0,2.5,7.0,23.75,0.0,1.25,0.0,1.0,5.75,0.0,33.5,0.75,2.75,2.5,0.75,1.0,1.75,0.1044146825396825,6.125,52.25,326.0,9.25,0.6214667685255921,217.25,543.25,0.3583333333333333,0.4999635780885781,27.5,2.25,25.0,0.0,1.5,2.0,37.0,0.0,1.5,6.25,0.0,0.0,0.25,0.5,1.25,5.75,0.25,38.25,2.0,4.5,3.75,1.25,0.5,1.75,0.0974281274281274,4.575,30.75,145.75,9.95,0.6915735126942024,278.5,424.25,0.3333333333333333,0.3914141414141414,21.25,0.6925767757416059,99.3074232242584,105.0,-120.0,UCF,Florida,UCF,
0,2.6,16.2,0.0,1.8,3.8,38.4,0.0,1.6,10.2,19.4,0.0,1.8,0.0,0.6,8.0,0.0,31.0,3.6,3.0,3.2,0.8,0.2,1.0,0.1016023612924518,5.96,32.6,193.0,10.82,0.7195124620821215,392.6,585.6,0.4,0.6339393939393939,27.6,1.25,8.25,0.0,2.0,1.25,18.0,0.25,0.75,6.5,13.25,0.0,2.5,0.25,1.0,5.25,0.25,31.75,2.25,4.25,3.5,0.5,0.25,0.75,0.1337591704018695,3.8,37.5,146.25,6.975,0.6640085282326662,228.25,374.5,0.3125,0.3700404858299594,19.5,1.1300492184658802e-06,99.99999886995076,300.0,-380.0,Miami,California,Miami,
0,4.2,21.0,0.0,2.4,2.4,14.0,0.0,0.6,8.0,9.8,0.2,0.8,0.6,1.0,7.0,0.2,27.0,3.4,1.0,3.4,0.4,0.4,0.8,0.0997816938552537,5.24,39.6,211.0,11.22,0.7191341991341991,302.4,513.4,0.3333333333333333,0.5732478632478633,27.6,1.25,22.75,0.0,2.25,0.5,68.0,0.0,2.25,6.25,0.0,0.0,1.0,0.5,1.5,4.75,0.0,36.5,3.0,2.0,4.25,0.75,0.75,1.5,0.117032967032967,4.1000000000000005,32.25,135.5,5.0,0.5270254629629629,159.0,294.5,0.25,0.289881993006993,18.25,4.874737175620012e-09,99.99999999512526,425.0,-550.0,Indiana,Northwestern,Indiana,
0,2.0,15.25,0.25,0.75,3.0,16.5,0.0,0.5,8.5,24.5,0.5,2.25,1.0,0.75,6.5,0.75,33.5,3.0,5.5,2.75,0.25,0.5,0.75,0.1054611699752364,5.449999999999999,37.25,201.75,9.9,0.6407789866207716,257.0,458.75,0.625,0.4628246753246753,21.25,1.25,8.25,0.0,0.75,0.5,14.5,0.0,0.75,7.0,9.25,0.25,1.0,0.5,0.0,3.5,0.25,25.25,1.5,3.0,1.5,0.75,0.0,0.75,0.1576584647236821,3.65,38.0,145.5,7.175000000000001,0.5703219696969697,102.0,247.5,0.75,0.3111471861471861,13.5,4.0074833423482255e-06,99.99999599251666,550.0,-800.0,James Madison,UL Monroe,James Madison,
0,2.25,19.25,0.0,2.0,3.0,30.0,0.0,1.5,9.0,13.25,0.25,1.5,0.75,0.75,7.0,0.25,37.25,2.0,2.75,4.5,0.5,0.25,0.75,0.1149579831932773,5.675,29.75,179.5,8.100000000000001,0.6356801255626748,277.75,457.25,0.0833333333333333,0.3810897435897436,20.75,1.0,0.75,0.0,0.5,0.75,21.75,0.0,1.25,4.25,3.0,0.0,0.5,0.25,1.0,7.5,0.0,39.0,3.25,2.75,3.0,1.25,0.5,1.75,0.1158348461060412,2.5500000000000003,30.25,78.75,6.675,0.5413416262562373,198.25,277.0,0.5416666666666666,0.3112745098039216,15.25,2.536327165710418e-07,99.99999974636728,700.0,-1000.0,Clemson,Florida State,Clemson,
